produto_id,ordem_de_producao,tipo,quantidade,origem,destino,data
1,OP-2000,CONSUMO,200.0,Estoque MP,Linha SA,2030-01-10
2,OP-2000,CONSUMO,200.0,Estoque MP,Linha SA,2030-01-10
14,OP-2000,CONSUMO,600.0,Estoque MP,Linha SA,2030-01-10
13,OP-2000,CONSUMO,800.0,Estoque MP,Linha SA,2030-01-10
12,OP-2000,CONSUMO,800.0,Estoque MP,Linha SA,2030-01-10
4,OP-2000,CONSUMO,2000.0,Estoque MP,Linha SA,2030-01-10
5,OP-2000,CONSUMO,800.0,Estoque MP,Linha SA,2030-01-10
16,OP-2000,PRODUCAO,200.0,Linha SA,Estoque SA,2030-01-10
22,OP-2000,PRODUCAO,200.0,Linha SA,Estoque SA,2030-01-10
24,OP-2000,PRODUCAO,200.0,Linha SA,Estoque SA,2030-01-10
25,OP-2000,PRODUCAO,200.0,Linha SA,Estoque SA,2030-01-10
16,OP-2000,CONSUMO,199.0,Estoque SA,Linha PA,2030-01-10
22,OP-2000,CONSUMO,199.0,Estoque SA,Linha PA,2030-01-10
24,OP-2000,CONSUMO,199.0,Estoque SA,Linha PA,2030-01-10
25,OP-2000,CONSUMO,199.0,Estoque SA,Linha PA,2030-01-10
31,OP-2000,PRODUCAO,199.0,Linha PA,Estoque PA,2030-01-10
1,OP-2001,CONSUMO,232.0,Estoque MP,Linha SA,2030-01-10
3,OP-2001,CONSUMO,232.0,Estoque MP,Linha SA,2030-01-10
14,OP-2001,CONSUMO,232.0,Estoque MP,Linha SA,2030-01-10
13,OP-2001,CONSUMO,464.0,Estoque MP,Linha SA,2030-01-10
12,OP-2001,CONSUMO,696.0,Estoque MP,Linha SA,2030-01-10
5,OP-2001,CONSUMO,696.0,Estoque MP,Linha SA,2030-01-10
4,OP-2001,CONSUMO,464.0,Estoque MP,Linha SA,2030-01-10
17,OP-2001,PRODUCAO,232.0,Linha SA,Estoque SA,2030-01-10
23,OP-2001,PRODUCAO,232.0,Linha SA,Estoque SA,2030-01-10
29,OP-2001,PRODUCAO,232.0,Linha SA,Estoque SA,2030-01-10
17,OP-2001,CONSUMO,232.0,Estoque SA,Linha PA,2030-01-10
23,OP-2001,CONSUMO,232.0,Estoque SA,Linha PA,2030-01-10
29,OP-2001,CONSUMO,232.0,Estoque SA,Linha PA,2030-01-10
32,OP-2001,PRODUCAO,232.0,Linha PA,Estoque PA,2030-01-10
1,OP-2002,CONSUMO,0.0,Estoque MP,Linha SA,2030-01-10
8,OP-2002,CONSUMO,0.0,Estoque MP,Linha SA,2030-01-10
6,OP-2002,CONSUMO,0.0,Estoque MP,Linha SA,2030-01-10
5,OP-2002,CONSUMO,0.0,Estoque MP,Linha SA,2030-01-10
20,OP-2002,CONSUMO,0.0,Estoque MP,Linha SA,2030-01-10
21,OP-2002,CONSUMO,0.0,Estoque MP,Linha SA,2030-01-10
18,OP-2002,CONSUMO,0.0,Estoque SA,Linha PA,2030-01-10
27,OP-2002,CONSUMO,0.0,Estoque SA,Linha PA,2030-01-10
30,OP-2002,CONSUMO,0.0,Estoque SA,Linha PA,2030-01-10
33,OP-2002,PRODUCAO,0.0,Linha PA,Estoque PA,2030-01-10
1,OP-2003,CONSUMO,308.0,Estoque MP,Linha SA,2030-01-10
2,OP-2003,CONSUMO,308.0,Estoque MP,Linha SA,2030-01-10
14,OP-2003,CONSUMO,924.0,Estoque MP,Linha SA,2030-01-10
4,OP-2003,CONSUMO,3080.0,Estoque MP,Linha SA,2030-01-10
5,OP-2003,CONSUMO,1232.0,Estoque MP,Linha SA,2030-01-10
13,OP-2003,CONSUMO,308.0,Estoque MP,Linha SA,2030-01-10
16,OP-2003,PRODUCAO,308.0,Linha SA,Estoque SA,2030-01-10
24,OP-2003,PRODUCAO,308.0,Linha SA,Estoque SA,2030-01-10
25,OP-2003,PRODUCAO,308.0,Linha SA,Estoque SA,2030-01-10
16,OP-2003,CONSUMO,308.0,Estoque SA,Linha PA,2030-01-10
24,OP-2003,CONSUMO,308.0,Estoque SA,Linha PA,2030-01-10
25,OP-2003,CONSUMO,308.0,Estoque SA,Linha PA,2030-01-10
34,OP-2003,PRODUCAO,308.0,Linha PA,Estoque PA,2030-01-10
1,OP-2004,CONSUMO,0.0,Estoque MP,Linha SA,2030-01-10
3,OP-2004,CONSUMO,0.0,Estoque MP,Linha SA,2030-01-10
14,OP-2004,CONSUMO,0.0,Estoque MP,Linha SA,2030-01-10
13,OP-2004,CONSUMO,0.0,Estoque MP,Linha SA,2030-01-10
12,OP-2004,CONSUMO,0.0,Estoque MP,Linha SA,2030-01-10
17,OP-2004,CONSUMO,0.0,Estoque SA,Linha PA,2030-01-10
23,OP-2004,CONSUMO,0.0,Estoque SA,Linha PA,2030-01-10
35,OP-2004,PRODUCAO,0.0,Linha PA,Estoque PA,2030-01-10
1,OP-2005,CONSUMO,249.0,Estoque MP,Linha SA,2030-01-10
8,OP-2005,CONSUMO,249.0,Estoque MP,Linha SA,2030-01-10
6,OP-2005,CONSUMO,1992.0,Estoque MP,Linha SA,2030-01-10
7,OP-2005,CONSUMO,249.0,Estoque MP,Linha SA,2030-01-10
18,OP-2005,PRODUCAO,249.0,Linha SA,Estoque SA,2030-01-10
26,OP-2005,PRODUCAO,249.0,Linha SA,Estoque SA,2030-01-10
18,OP-2005,CONSUMO,249.0,Estoque SA,Linha PA,2030-01-10
26,OP-2005,CONSUMO,249.0,Estoque SA,Linha PA,2030-01-10
36,OP-2005,PRODUCAO,249.0,Linha PA,Estoque PA,2030-01-10
1,OP-2006,CONSUMO,0.0,Estoque MP,Linha SA,2030-01-10
2,OP-2006,CONSUMO,0.0,Estoque MP,Linha SA,2030-01-10
14,OP-2006,CONSUMO,0.0,Estoque MP,Linha SA,2030-01-10
13,OP-2006,CONSUMO,0.0,Estoque MP,Linha SA,2030-01-10
12,OP-2006,CONSUMO,0.0,Estoque MP,Linha SA,2030-01-10
16,OP-2006,CONSUMO,0.0,Estoque SA,Linha PA,2030-01-10
22,OP-2006,CONSUMO,0.0,Estoque SA,Linha PA,2030-01-10
37,OP-2006,PRODUCAO,0.0,Linha PA,Estoque PA,2030-01-10
1,OP-2007,CONSUMO,0.0,Estoque MP,Linha SA,2030-01-10
3,OP-2007,CONSUMO,0.0,Estoque MP,Linha SA,2030-01-10
14,OP-2007,CONSUMO,0.0,Estoque MP,Linha SA,2030-01-10
6,OP-2007,CONSUMO,0.0,Estoque MP,Linha SA,2030-01-10
7,OP-2007,CONSUMO,0.0,Estoque MP,Linha SA,2030-01-10
17,OP-2007,CONSUMO,0.0,Estoque SA,Linha PA,2030-01-10
26,OP-2007,CONSUMO,0.0,Estoque SA,Linha PA,2030-01-10
38,OP-2007,PRODUCAO,0.0,Linha PA,Estoque PA,2030-01-10
1,OP-2008,CONSUMO,0.0,Estoque MP,Linha SA,2030-01-10
8,OP-2008,CONSUMO,0.0,Estoque MP,Linha SA,2030-01-10
6,OP-2008,CONSUMO,0.0,Estoque MP,Linha SA,2030-01-10
20,OP-2008,CONSUMO,0.0,Estoque MP,Linha SA,2030-01-10
21,OP-2008,CONSUMO,0.0,Estoque MP,Linha SA,2030-01-10
18,OP-2008,CONSUMO,0.0,Estoque SA,Linha PA,2030-01-10
30,OP-2008,CONSUMO,0.0,Estoque SA,Linha PA,2030-01-10
39,OP-2008,PRODUCAO,0.0,Linha PA,Estoque PA,2030-01-10
1,OP-2009,CONSUMO,0.0,Estoque MP,Linha SA,2030-01-10
2,OP-2009,CONSUMO,0.0,Estoque MP,Linha SA,2030-01-10
14,OP-2009,CONSUMO,0.0,Estoque MP,Linha SA,2030-01-10
4,OP-2009,CONSUMO,0.0,Estoque MP,Linha SA,2030-01-10
5,OP-2009,CONSUMO,0.0,Estoque MP,Linha SA,2030-01-10
16,OP-2009,CONSUMO,0.0,Estoque SA,Linha PA,2030-01-10
24,OP-2009,CONSUMO,0.0,Estoque SA,Linha PA,2030-01-10
40,OP-2009,PRODUCAO,0.0,Linha PA,Estoque PA,2030-01-10
1,OP-2010,CONSUMO,0.0,Estoque MP,Linha SA,2030-01-10
3,OP-2010,CONSUMO,0.0,Estoque MP,Linha SA,2030-01-10
14,OP-2010,CONSUMO,0.0,Estoque MP,Linha SA,2030-01-10
13,OP-2010,CONSUMO,0.0,Estoque MP,Linha SA,2030-01-10
12,OP-2010,CONSUMO,0.0,Estoque MP,Linha SA,2030-01-10
17,OP-2010,CONSUMO,0.0,Estoque SA,Linha PA,2030-01-10
23,OP-2010,CONSUMO,0.0,Estoque SA,Linha PA,2030-01-10
41,OP-2010,PRODUCAO,0.0,Linha PA,Estoque PA,2030-01-10
1,OP-2011,CONSUMO,0.0,Estoque MP,Linha SA,2030-01-10
8,OP-2011,CONSUMO,0.0,Estoque MP,Linha SA,2030-01-10
6,OP-2011,CONSUMO,0.0,Estoque MP,Linha SA,2030-01-10
20,OP-2011,CONSUMO,0.0,Estoque MP,Linha SA,2030-01-10
21,OP-2011,CONSUMO,0.0,Estoque MP,Linha SA,2030-01-10
18,OP-2011,CONSUMO,0.0,Estoque SA,Linha PA,2030-01-10
30,OP-2011,CONSUMO,0.0,Estoque SA,Linha PA,2030-01-10
42,OP-2011,PRODUCAO,0.0,Linha PA,Estoque PA,2030-01-10
1,OP-2012,CONSUMO,0.0,Estoque MP,Linha SA,2030-01-10
2,OP-2012,CONSUMO,0.0,Estoque MP,Linha SA,2030-01-10
14,OP-2012,CONSUMO,0.0,Estoque MP,Linha SA,2030-01-10
6,OP-2012,CONSUMO,0.0,Estoque MP,Linha SA,2030-01-10
7,OP-2012,CONSUMO,0.0,Estoque MP,Linha SA,2030-01-10
16,OP-2012,CONSUMO,0.0,Estoque SA,Linha PA,2030-01-10
26,OP-2012,CONSUMO,0.0,Estoque SA,Linha PA,2030-01-10
43,OP-2012,PRODUCAO,0.0,Linha PA,Estoque PA,2030-01-10
1,OP-2013,CONSUMO,0.0,Estoque MP,Linha SA,2030-01-10
3,OP-2013,CONSUMO,0.0,Estoque MP,Linha SA,2030-01-10
14,OP-2013,CONSUMO,0.0,Estoque MP,Linha SA,2030-01-10
5,OP-2013,CONSUMO,0.0,Estoque MP,Linha SA,2030-01-10
4,OP-2013,CONSUMO,0.0,Estoque MP,Linha SA,2030-01-10
17,OP-2013,CONSUMO,0.0,Estoque SA,Linha PA,2030-01-10
29,OP-2013,CONSUMO,0.0,Estoque SA,Linha PA,2030-01-10
44,OP-2013,PRODUCAO,0.0,Linha PA,Estoque PA,2030-01-10
1,OP-2014,CONSUMO,0.0,Estoque MP,Linha SA,2030-01-10
2,OP-2014,CONSUMO,0.0,Estoque MP,Linha SA,2030-01-10
14,OP-2014,CONSUMO,0.0,Estoque MP,Linha SA,2030-01-10
13,OP-2014,CONSUMO,0.0,Estoque MP,Linha SA,2030-01-10
12,OP-2014,CONSUMO,0.0,Estoque MP,Linha SA,2030-01-10
16,OP-2014,CONSUMO,0.0,Estoque SA,Linha PA,2030-01-10
22,OP-2014,CONSUMO,0.0,Estoque SA,Linha PA,2030-01-10
45,OP-2014,PRODUCAO,0.0,Linha PA,Estoque PA,2030-01-10
1,OP-2000,CONSUMO,221.0,Estoque MP,Linha SA,2030-02-10
2,OP-2000,CONSUMO,221.0,Estoque MP,Linha SA,2030-02-10
14,OP-2000,CONSUMO,663.0,Estoque MP,Linha SA,2030-02-10
13,OP-2000,CONSUMO,884.0,Estoque MP,Linha SA,2030-02-10
12,OP-2000,CONSUMO,884.0,Estoque MP,Linha SA,2030-02-10
4,OP-2000,CONSUMO,2210.0,Estoque MP,Linha SA,2030-02-10
5,OP-2000,CONSUMO,884.0,Estoque MP,Linha SA,2030-02-10
16,OP-2000,PRODUCAO,221.0,Linha SA,Estoque SA,2030-02-10
22,OP-2000,PRODUCAO,221.0,Linha SA,Estoque SA,2030-02-10
24,OP-2000,PRODUCAO,221.0,Linha SA,Estoque SA,2030-02-10
25,OP-2000,PRODUCAO,221.0,Linha SA,Estoque SA,2030-02-10
16,OP-2000,CONSUMO,222.0,Estoque SA,Linha PA,2030-02-10
22,OP-2000,CONSUMO,222.0,Estoque SA,Linha PA,2030-02-10
24,OP-2000,CONSUMO,222.0,Estoque SA,Linha PA,2030-02-10
25,OP-2000,CONSUMO,222.0,Estoque SA,Linha PA,2030-02-10
31,OP-2000,PRODUCAO,222.0,Linha PA,Estoque PA,2030-02-10
1,OP-2001,CONSUMO,247.0,Estoque MP,Linha SA,2030-02-10
3,OP-2001,CONSUMO,247.0,Estoque MP,Linha SA,2030-02-10
14,OP-2001,CONSUMO,247.0,Estoque MP,Linha SA,2030-02-10
13,OP-2001,CONSUMO,494.0,Estoque MP,Linha SA,2030-02-10
12,OP-2001,CONSUMO,741.0,Estoque MP,Linha SA,2030-02-10
5,OP-2001,CONSUMO,741.0,Estoque MP,Linha SA,2030-02-10
4,OP-2001,CONSUMO,494.0,Estoque MP,Linha SA,2030-02-10
17,OP-2001,PRODUCAO,247.0,Linha SA,Estoque SA,2030-02-10
23,OP-2001,PRODUCAO,247.0,Linha SA,Estoque SA,2030-02-10
29,OP-2001,PRODUCAO,247.0,Linha SA,Estoque SA,2030-02-10
17,OP-2001,CONSUMO,247.0,Estoque SA,Linha PA,2030-02-10
23,OP-2001,CONSUMO,247.0,Estoque SA,Linha PA,2030-02-10
29,OP-2001,CONSUMO,247.0,Estoque SA,Linha PA,2030-02-10
32,OP-2001,PRODUCAO,247.0,Linha PA,Estoque PA,2030-02-10
1,OP-2002,CONSUMO,0.0,Estoque MP,Linha SA,2030-02-10
8,OP-2002,CONSUMO,0.0,Estoque MP,Linha SA,2030-02-10
6,OP-2002,CONSUMO,0.0,Estoque MP,Linha SA,2030-02-10
5,OP-2002,CONSUMO,0.0,Estoque MP,Linha SA,2030-02-10
20,OP-2002,CONSUMO,0.0,Estoque MP,Linha SA,2030-02-10
21,OP-2002,CONSUMO,0.0,Estoque MP,Linha SA,2030-02-10
18,OP-2002,CONSUMO,0.0,Estoque SA,Linha PA,2030-02-10
27,OP-2002,CONSUMO,0.0,Estoque SA,Linha PA,2030-02-10
30,OP-2002,CONSUMO,0.0,Estoque SA,Linha PA,2030-02-10
33,OP-2002,PRODUCAO,0.0,Linha PA,Estoque PA,2030-02-10
1,OP-2003,CONSUMO,304.0,Estoque MP,Linha SA,2030-02-10
2,OP-2003,CONSUMO,304.0,Estoque MP,Linha SA,2030-02-10
14,OP-2003,CONSUMO,912.0,Estoque MP,Linha SA,2030-02-10
4,OP-2003,CONSUMO,3040.0,Estoque MP,Linha SA,2030-02-10
5,OP-2003,CONSUMO,1216.0,Estoque MP,Linha SA,2030-02-10
13,OP-2003,CONSUMO,304.0,Estoque MP,Linha SA,2030-02-10
16,OP-2003,PRODUCAO,304.0,Linha SA,Estoque SA,2030-02-10
24,OP-2003,PRODUCAO,304.0,Linha SA,Estoque SA,2030-02-10
25,OP-2003,PRODUCAO,304.0,Linha SA,Estoque SA,2030-02-10
16,OP-2003,CONSUMO,304.0,Estoque SA,Linha PA,2030-02-10
24,OP-2003,CONSUMO,304.0,Estoque SA,Linha PA,2030-02-10
25,OP-2003,CONSUMO,304.0,Estoque SA,Linha PA,2030-02-10
34,OP-2003,PRODUCAO,304.0,Linha PA,Estoque PA,2030-02-10
1,OP-2004,CONSUMO,2.0,Estoque MP,Linha SA,2030-02-10
3,OP-2004,CONSUMO,2.0,Estoque MP,Linha SA,2030-02-10
14,OP-2004,CONSUMO,2.0,Estoque MP,Linha SA,2030-02-10
13,OP-2004,CONSUMO,4.0,Estoque MP,Linha SA,2030-02-10
12,OP-2004,CONSUMO,6.0,Estoque MP,Linha SA,2030-02-10
17,OP-2004,PRODUCAO,2.0,Linha SA,Estoque SA,2030-02-10
23,OP-2004,PRODUCAO,2.0,Linha SA,Estoque SA,2030-02-10
17,OP-2004,CONSUMO,2.0,Estoque SA,Linha PA,2030-02-10
23,OP-2004,CONSUMO,2.0,Estoque SA,Linha PA,2030-02-10
35,OP-2004,PRODUCAO,2.0,Linha PA,Estoque PA,2030-02-10
1,OP-2005,CONSUMO,291.0,Estoque MP,Linha SA,2030-02-10
8,OP-2005,CONSUMO,291.0,Estoque MP,Linha SA,2030-02-10
6,OP-2005,CONSUMO,2328.0,Estoque MP,Linha SA,2030-02-10
7,OP-2005,CONSUMO,291.0,Estoque MP,Linha SA,2030-02-10
18,OP-2005,PRODUCAO,291.0,Linha SA,Estoque SA,2030-02-10
26,OP-2005,PRODUCAO,291.0,Linha SA,Estoque SA,2030-02-10
18,OP-2005,CONSUMO,291.0,Estoque SA,Linha PA,2030-02-10
26,OP-2005,CONSUMO,291.0,Estoque SA,Linha PA,2030-02-10
36,OP-2005,PRODUCAO,291.0,Linha PA,Estoque PA,2030-02-10
1,OP-2006,CONSUMO,0.0,Estoque MP,Linha SA,2030-02-10
2,OP-2006,CONSUMO,0.0,Estoque MP,Linha SA,2030-02-10
14,OP-2006,CONSUMO,0.0,Estoque MP,Linha SA,2030-02-10
13,OP-2006,CONSUMO,0.0,Estoque MP,Linha SA,2030-02-10
12,OP-2006,CONSUMO,0.0,Estoque MP,Linha SA,2030-02-10
16,OP-2006,CONSUMO,0.0,Estoque SA,Linha PA,2030-02-10
22,OP-2006,CONSUMO,0.0,Estoque SA,Linha PA,2030-02-10
37,OP-2006,PRODUCAO,0.0,Linha PA,Estoque PA,2030-02-10
1,OP-2007,CONSUMO,0.0,Estoque MP,Linha SA,2030-02-10
3,OP-2007,CONSUMO,0.0,Estoque MP,Linha SA,2030-02-10
14,OP-2007,CONSUMO,0.0,Estoque MP,Linha SA,2030-02-10
6,OP-2007,CONSUMO,0.0,Estoque MP,Linha SA,2030-02-10
7,OP-2007,CONSUMO,0.0,Estoque MP,Linha SA,2030-02-10
17,OP-2007,CONSUMO,0.0,Estoque SA,Linha PA,2030-02-10
26,OP-2007,CONSUMO,0.0,Estoque SA,Linha PA,2030-02-10
38,OP-2007,PRODUCAO,0.0,Linha PA,Estoque PA,2030-02-10
1,OP-2008,CONSUMO,0.0,Estoque MP,Linha SA,2030-02-10
8,OP-2008,CONSUMO,0.0,Estoque MP,Linha SA,2030-02-10
6,OP-2008,CONSUMO,0.0,Estoque MP,Linha SA,2030-02-10
20,OP-2008,CONSUMO,0.0,Estoque MP,Linha SA,2030-02-10
21,OP-2008,CONSUMO,0.0,Estoque MP,Linha SA,2030-02-10
18,OP-2008,CONSUMO,0.0,Estoque SA,Linha PA,2030-02-10
30,OP-2008,CONSUMO,0.0,Estoque SA,Linha PA,2030-02-10
39,OP-2008,PRODUCAO,0.0,Linha PA,Estoque PA,2030-02-10
1,OP-2009,CONSUMO,0.0,Estoque MP,Linha SA,2030-02-10
2,OP-2009,CONSUMO,0.0,Estoque MP,Linha SA,2030-02-10
14,OP-2009,CONSUMO,0.0,Estoque MP,Linha SA,2030-02-10
4,OP-2009,CONSUMO,0.0,Estoque MP,Linha SA,2030-02-10
5,OP-2009,CONSUMO,0.0,Estoque MP,Linha SA,2030-02-10
16,OP-2009,CONSUMO,0.0,Estoque SA,Linha PA,2030-02-10
24,OP-2009,CONSUMO,0.0,Estoque SA,Linha PA,2030-02-10
40,OP-2009,PRODUCAO,0.0,Linha PA,Estoque PA,2030-02-10
1,OP-2010,CONSUMO,0.0,Estoque MP,Linha SA,2030-02-10
3,OP-2010,CONSUMO,0.0,Estoque MP,Linha SA,2030-02-10
14,OP-2010,CONSUMO,0.0,Estoque MP,Linha SA,2030-02-10
13,OP-2010,CONSUMO,0.0,Estoque MP,Linha SA,2030-02-10
12,OP-2010,CONSUMO,0.0,Estoque MP,Linha SA,2030-02-10
17,OP-2010,CONSUMO,0.0,Estoque SA,Linha PA,2030-02-10
23,OP-2010,CONSUMO,0.0,Estoque SA,Linha PA,2030-02-10
41,OP-2010,PRODUCAO,0.0,Linha PA,Estoque PA,2030-02-10
1,OP-2011,CONSUMO,0.0,Estoque MP,Linha SA,2030-02-10
8,OP-2011,CONSUMO,0.0,Estoque MP,Linha SA,2030-02-10
6,OP-2011,CONSUMO,0.0,Estoque MP,Linha SA,2030-02-10
20,OP-2011,CONSUMO,0.0,Estoque MP,Linha SA,2030-02-10
21,OP-2011,CONSUMO,0.0,Estoque MP,Linha SA,2030-02-10
18,OP-2011,CONSUMO,0.0,Estoque SA,Linha PA,2030-02-10
30,OP-2011,CONSUMO,0.0,Estoque SA,Linha PA,2030-02-10
42,OP-2011,PRODUCAO,0.0,Linha PA,Estoque PA,2030-02-10
1,OP-2012,CONSUMO,0.0,Estoque MP,Linha SA,2030-02-10
2,OP-2012,CONSUMO,0.0,Estoque MP,Linha SA,2030-02-10
14,OP-2012,CONSUMO,0.0,Estoque MP,Linha SA,2030-02-10
6,OP-2012,CONSUMO,0.0,Estoque MP,Linha SA,2030-02-10
7,OP-2012,CONSUMO,0.0,Estoque MP,Linha SA,2030-02-10
16,OP-2012,CONSUMO,0.0,Estoque SA,Linha PA,2030-02-10
26,OP-2012,CONSUMO,0.0,Estoque SA,Linha PA,2030-02-10
43,OP-2012,PRODUCAO,0.0,Linha PA,Estoque PA,2030-02-10
1,OP-2013,CONSUMO,0.0,Estoque MP,Linha SA,2030-02-10
3,OP-2013,CONSUMO,0.0,Estoque MP,Linha SA,2030-02-10
14,OP-2013,CONSUMO,0.0,Estoque MP,Linha SA,2030-02-10
5,OP-2013,CONSUMO,0.0,Estoque MP,Linha SA,2030-02-10
4,OP-2013,CONSUMO,0.0,Estoque MP,Linha SA,2030-02-10
17,OP-2013,CONSUMO,0.0,Estoque SA,Linha PA,2030-02-10
29,OP-2013,CONSUMO,0.0,Estoque SA,Linha PA,2030-02-10
44,OP-2013,PRODUCAO,0.0,Linha PA,Estoque PA,2030-02-10
1,OP-2014,CONSUMO,0.0,Estoque MP,Linha SA,2030-02-10
2,OP-2014,CONSUMO,0.0,Estoque MP,Linha SA,2030-02-10
14,OP-2014,CONSUMO,0.0,Estoque MP,Linha SA,2030-02-10
13,OP-2014,CONSUMO,0.0,Estoque MP,Linha SA,2030-02-10
12,OP-2014,CONSUMO,0.0,Estoque MP,Linha SA,2030-02-10
16,OP-2014,CONSUMO,0.0,Estoque SA,Linha PA,2030-02-10
22,OP-2014,CONSUMO,0.0,Estoque SA,Linha PA,2030-02-10
45,OP-2014,PRODUCAO,0.0,Linha PA,Estoque PA,2030-02-10
1,OP-2000,CONSUMO,259.0,Estoque MP,Linha SA,2030-03-10
2,OP-2000,CONSUMO,259.0,Estoque MP,Linha SA,2030-03-10
14,OP-2000,CONSUMO,777.0,Estoque MP,Linha SA,2030-03-10
13,OP-2000,CONSUMO,1036.0,Estoque MP,Linha SA,2030-03-10
12,OP-2000,CONSUMO,1036.0,Estoque MP,Linha SA,2030-03-10
4,OP-2000,CONSUMO,2590.0,Estoque MP,Linha SA,2030-03-10
5,OP-2000,CONSUMO,1036.0,Estoque MP,Linha SA,2030-03-10
16,OP-2000,PRODUCAO,259.0,Linha SA,Estoque SA,2030-03-10
22,OP-2000,PRODUCAO,259.0,Linha SA,Estoque SA,2030-03-10
24,OP-2000,PRODUCAO,259.0,Linha SA,Estoque SA,2030-03-10
25,OP-2000,PRODUCAO,259.0,Linha SA,Estoque SA,2030-03-10
16,OP-2000,CONSUMO,259.0,Estoque SA,Linha PA,2030-03-10
22,OP-2000,CONSUMO,259.0,Estoque SA,Linha PA,2030-03-10
24,OP-2000,CONSUMO,259.0,Estoque SA,Linha PA,2030-03-10
25,OP-2000,CONSUMO,259.0,Estoque SA,Linha PA,2030-03-10
31,OP-2000,PRODUCAO,259.0,Linha PA,Estoque PA,2030-03-10
1,OP-2001,CONSUMO,324.0,Estoque MP,Linha SA,2030-03-10
3,OP-2001,CONSUMO,324.0,Estoque MP,Linha SA,2030-03-10
14,OP-2001,CONSUMO,324.0,Estoque MP,Linha SA,2030-03-10
13,OP-2001,CONSUMO,648.0,Estoque MP,Linha SA,2030-03-10
12,OP-2001,CONSUMO,972.0,Estoque MP,Linha SA,2030-03-10
5,OP-2001,CONSUMO,972.0,Estoque MP,Linha SA,2030-03-10
4,OP-2001,CONSUMO,648.0,Estoque MP,Linha SA,2030-03-10
17,OP-2001,PRODUCAO,324.0,Linha SA,Estoque SA,2030-03-10
23,OP-2001,PRODUCAO,324.0,Linha SA,Estoque SA,2030-03-10
29,OP-2001,PRODUCAO,324.0,Linha SA,Estoque SA,2030-03-10
17,OP-2001,CONSUMO,324.0,Estoque SA,Linha PA,2030-03-10
23,OP-2001,CONSUMO,324.0,Estoque SA,Linha PA,2030-03-10
29,OP-2001,CONSUMO,324.0,Estoque SA,Linha PA,2030-03-10
32,OP-2001,PRODUCAO,324.0,Linha PA,Estoque PA,2030-03-10
1,OP-2002,CONSUMO,0.0,Estoque MP,Linha SA,2030-03-10
8,OP-2002,CONSUMO,0.0,Estoque MP,Linha SA,2030-03-10
6,OP-2002,CONSUMO,0.0,Estoque MP,Linha SA,2030-03-10
5,OP-2002,CONSUMO,0.0,Estoque MP,Linha SA,2030-03-10
20,OP-2002,CONSUMO,0.0,Estoque MP,Linha SA,2030-03-10
21,OP-2002,CONSUMO,0.0,Estoque MP,Linha SA,2030-03-10
18,OP-2002,CONSUMO,0.0,Estoque SA,Linha PA,2030-03-10
27,OP-2002,CONSUMO,0.0,Estoque SA,Linha PA,2030-03-10
30,OP-2002,CONSUMO,0.0,Estoque SA,Linha PA,2030-03-10
33,OP-2002,PRODUCAO,0.0,Linha PA,Estoque PA,2030-03-10
1,OP-2003,CONSUMO,42.0,Estoque MP,Linha SA,2030-03-10
2,OP-2003,CONSUMO,42.0,Estoque MP,Linha SA,2030-03-10
14,OP-2003,CONSUMO,126.0,Estoque MP,Linha SA,2030-03-10
4,OP-2003,CONSUMO,420.0,Estoque MP,Linha SA,2030-03-10
5,OP-2003,CONSUMO,168.0,Estoque MP,Linha SA,2030-03-10
13,OP-2003,CONSUMO,42.0,Estoque MP,Linha SA,2030-03-10
16,OP-2003,PRODUCAO,42.0,Linha SA,Estoque SA,2030-03-10
24,OP-2003,PRODUCAO,42.0,Linha SA,Estoque SA,2030-03-10
25,OP-2003,PRODUCAO,42.0,Linha SA,Estoque SA,2030-03-10
16,OP-2003,CONSUMO,42.0,Estoque SA,Linha PA,2030-03-10
24,OP-2003,CONSUMO,42.0,Estoque SA,Linha PA,2030-03-10
25,OP-2003,CONSUMO,42.0,Estoque SA,Linha PA,2030-03-10
34,OP-2003,PRODUCAO,42.0,Linha PA,Estoque PA,2030-03-10
1,OP-2004,CONSUMO,0.0,Estoque MP,Linha SA,2030-03-10
3,OP-2004,CONSUMO,0.0,Estoque MP,Linha SA,2030-03-10
14,OP-2004,CONSUMO,0.0,Estoque MP,Linha SA,2030-03-10
13,OP-2004,CONSUMO,0.0,Estoque MP,Linha SA,2030-03-10
12,OP-2004,CONSUMO,0.0,Estoque MP,Linha SA,2030-03-10
17,OP-2004,CONSUMO,0.0,Estoque SA,Linha PA,2030-03-10
23,OP-2004,CONSUMO,0.0,Estoque SA,Linha PA,2030-03-10
35,OP-2004,PRODUCAO,0.0,Linha PA,Estoque PA,2030-03-10
1,OP-2005,CONSUMO,385.0,Estoque MP,Linha SA,2030-03-10
8,OP-2005,CONSUMO,385.0,Estoque MP,Linha SA,2030-03-10
6,OP-2005,CONSUMO,3080.0,Estoque MP,Linha SA,2030-03-10
7,OP-2005,CONSUMO,385.0,Estoque MP,Linha SA,2030-03-10
18,OP-2005,PRODUCAO,385.0,Linha SA,Estoque SA,2030-03-10
26,OP-2005,PRODUCAO,385.0,Linha SA,Estoque SA,2030-03-10
18,OP-2005,CONSUMO,385.0,Estoque SA,Linha PA,2030-03-10
26,OP-2005,CONSUMO,385.0,Estoque SA,Linha PA,2030-03-10
36,OP-2005,PRODUCAO,385.0,Linha PA,Estoque PA,2030-03-10
1,OP-2006,CONSUMO,0.0,Estoque MP,Linha SA,2030-03-10
2,OP-2006,CONSUMO,0.0,Estoque MP,Linha SA,2030-03-10
14,OP-2006,CONSUMO,0.0,Estoque MP,Linha SA,2030-03-10
13,OP-2006,CONSUMO,0.0,Estoque MP,Linha SA,2030-03-10
12,OP-2006,CONSUMO,0.0,Estoque MP,Linha SA,2030-03-10
16,OP-2006,CONSUMO,0.0,Estoque SA,Linha PA,2030-03-10
22,OP-2006,CONSUMO,0.0,Estoque SA,Linha PA,2030-03-10
37,OP-2006,PRODUCAO,0.0,Linha PA,Estoque PA,2030-03-10
1,OP-2007,CONSUMO,150.0,Estoque MP,Linha SA,2030-03-10
3,OP-2007,CONSUMO,150.0,Estoque MP,Linha SA,2030-03-10
14,OP-2007,CONSUMO,150.0,Estoque MP,Linha SA,2030-03-10
6,OP-2007,CONSUMO,450.0,Estoque MP,Linha SA,2030-03-10
7,OP-2007,CONSUMO,150.0,Estoque MP,Linha SA,2030-03-10
17,OP-2007,PRODUCAO,150.0,Linha SA,Estoque SA,2030-03-10
26,OP-2007,PRODUCAO,150.0,Linha SA,Estoque SA,2030-03-10
17,OP-2007,CONSUMO,150.0,Estoque SA,Linha PA,2030-03-10
26,OP-2007,CONSUMO,150.0,Estoque SA,Linha PA,2030-03-10
38,OP-2007,PRODUCAO,150.0,Linha PA,Estoque PA,2030-03-10
1,OP-2008,CONSUMO,0.0,Estoque MP,Linha SA,2030-03-10
8,OP-2008,CONSUMO,0.0,Estoque MP,Linha SA,2030-03-10
6,OP-2008,CONSUMO,0.0,Estoque MP,Linha SA,2030-03-10
20,OP-2008,CONSUMO,0.0,Estoque MP,Linha SA,2030-03-10
21,OP-2008,CONSUMO,0.0,Estoque MP,Linha SA,2030-03-10
18,OP-2008,CONSUMO,0.0,Estoque SA,Linha PA,2030-03-10
30,OP-2008,CONSUMO,0.0,Estoque SA,Linha PA,2030-03-10
39,OP-2008,PRODUCAO,0.0,Linha PA,Estoque PA,2030-03-10
1,OP-2009,CONSUMO,0.0,Estoque MP,Linha SA,2030-03-10
2,OP-2009,CONSUMO,0.0,Estoque MP,Linha SA,2030-03-10
14,OP-2009,CONSUMO,0.0,Estoque MP,Linha SA,2030-03-10
4,OP-2009,CONSUMO,0.0,Estoque MP,Linha SA,2030-03-10
5,OP-2009,CONSUMO,0.0,Estoque MP,Linha SA,2030-03-10
16,OP-2009,CONSUMO,0.0,Estoque SA,Linha PA,2030-03-10
24,OP-2009,CONSUMO,0.0,Estoque SA,Linha PA,2030-03-10
40,OP-2009,PRODUCAO,0.0,Linha PA,Estoque PA,2030-03-10
1,OP-2010,CONSUMO,0.0,Estoque MP,Linha SA,2030-03-10
3,OP-2010,CONSUMO,0.0,Estoque MP,Linha SA,2030-03-10
14,OP-2010,CONSUMO,0.0,Estoque MP,Linha SA,2030-03-10
13,OP-2010,CONSUMO,0.0,Estoque MP,Linha SA,2030-03-10
12,OP-2010,CONSUMO,0.0,Estoque MP,Linha SA,2030-03-10
17,OP-2010,CONSUMO,0.0,Estoque SA,Linha PA,2030-03-10
23,OP-2010,CONSUMO,0.0,Estoque SA,Linha PA,2030-03-10
41,OP-2010,PRODUCAO,0.0,Linha PA,Estoque PA,2030-03-10
1,OP-2011,CONSUMO,0.0,Estoque MP,Linha SA,2030-03-10
8,OP-2011,CONSUMO,0.0,Estoque MP,Linha SA,2030-03-10
6,OP-2011,CONSUMO,0.0,Estoque MP,Linha SA,2030-03-10
20,OP-2011,CONSUMO,0.0,Estoque MP,Linha SA,2030-03-10
21,OP-2011,CONSUMO,0.0,Estoque MP,Linha SA,2030-03-10
18,OP-2011,CONSUMO,0.0,Estoque SA,Linha PA,2030-03-10
30,OP-2011,CONSUMO,0.0,Estoque SA,Linha PA,2030-03-10
42,OP-2011,PRODUCAO,0.0,Linha PA,Estoque PA,2030-03-10
1,OP-2012,CONSUMO,0.0,Estoque MP,Linha SA,2030-03-10
2,OP-2012,CONSUMO,0.0,Estoque MP,Linha SA,2030-03-10
14,OP-2012,CONSUMO,0.0,Estoque MP,Linha SA,2030-03-10
6,OP-2012,CONSUMO,0.0,Estoque MP,Linha SA,2030-03-10
7,OP-2012,CONSUMO,0.0,Estoque MP,Linha SA,2030-03-10
16,OP-2012,CONSUMO,0.0,Estoque SA,Linha PA,2030-03-10
26,OP-2012,CONSUMO,0.0,Estoque SA,Linha PA,2030-03-10
43,OP-2012,PRODUCAO,0.0,Linha PA,Estoque PA,2030-03-10
1,OP-2013,CONSUMO,0.0,Estoque MP,Linha SA,2030-03-10
3,OP-2013,CONSUMO,0.0,Estoque MP,Linha SA,2030-03-10
14,OP-2013,CONSUMO,0.0,Estoque MP,Linha SA,2030-03-10
5,OP-2013,CONSUMO,0.0,Estoque MP,Linha SA,2030-03-10
4,OP-2013,CONSUMO,0.0,Estoque MP,Linha SA,2030-03-10
17,OP-2013,CONSUMO,0.0,Estoque SA,Linha PA,2030-03-10
29,OP-2013,CONSUMO,0.0,Estoque SA,Linha PA,2030-03-10
44,OP-2013,PRODUCAO,0.0,Linha PA,Estoque PA,2030-03-10
1,OP-2014,CONSUMO,0.0,Estoque MP,Linha SA,2030-03-10
2,OP-2014,CONSUMO,0.0,Estoque MP,Linha SA,2030-03-10
14,OP-2014,CONSUMO,0.0,Estoque MP,Linha SA,2030-03-10
13,OP-2014,CONSUMO,0.0,Estoque MP,Linha SA,2030-03-10
12,OP-2014,CONSUMO,0.0,Estoque MP,Linha SA,2030-03-10
16,OP-2014,CONSUMO,0.0,Estoque SA,Linha PA,2030-03-10
22,OP-2014,CONSUMO,0.0,Estoque SA,Linha PA,2030-03-10
45,OP-2014,PRODUCAO,0.0,Linha PA,Estoque PA,2030-03-10
1,OP-2000,CONSUMO,288.0,Estoque MP,Linha SA,2030-04-10
2,OP-2000,CONSUMO,288.0,Estoque MP,Linha SA,2030-04-10
14,OP-2000,CONSUMO,864.0,Estoque MP,Linha SA,2030-04-10
13,OP-2000,CONSUMO,1152.0,Estoque MP,Linha SA,2030-04-10
12,OP-2000,CONSUMO,1152.0,Estoque MP,Linha SA,2030-04-10
4,OP-2000,CONSUMO,2880.0,Estoque MP,Linha SA,2030-04-10
5,OP-2000,CONSUMO,1152.0,Estoque MP,Linha SA,2030-04-10
16,OP-2000,PRODUCAO,288.0,Linha SA,Estoque SA,2030-04-10
22,OP-2000,PRODUCAO,288.0,Linha SA,Estoque SA,2030-04-10
24,OP-2000,PRODUCAO,288.0,Linha SA,Estoque SA,2030-04-10
25,OP-2000,PRODUCAO,288.0,Linha SA,Estoque SA,2030-04-10
16,OP-2000,CONSUMO,288.0,Estoque SA,Linha PA,2030-04-10
22,OP-2000,CONSUMO,288.0,Estoque SA,Linha PA,2030-04-10
24,OP-2000,CONSUMO,288.0,Estoque SA,Linha PA,2030-04-10
25,OP-2000,CONSUMO,288.0,Estoque SA,Linha PA,2030-04-10
31,OP-2000,PRODUCAO,288.0,Linha PA,Estoque PA,2030-04-10
1,OP-2001,CONSUMO,317.0,Estoque MP,Linha SA,2030-04-10
3,OP-2001,CONSUMO,317.0,Estoque MP,Linha SA,2030-04-10
14,OP-2001,CONSUMO,317.0,Estoque MP,Linha SA,2030-04-10
13,OP-2001,CONSUMO,634.0,Estoque MP,Linha SA,2030-04-10
12,OP-2001,CONSUMO,951.0,Estoque MP,Linha SA,2030-04-10
5,OP-2001,CONSUMO,951.0,Estoque MP,Linha SA,2030-04-10
4,OP-2001,CONSUMO,634.0,Estoque MP,Linha SA,2030-04-10
17,OP-2001,PRODUCAO,317.0,Linha SA,Estoque SA,2030-04-10
23,OP-2001,PRODUCAO,317.0,Linha SA,Estoque SA,2030-04-10
29,OP-2001,PRODUCAO,317.0,Linha SA,Estoque SA,2030-04-10
17,OP-2001,CONSUMO,317.0,Estoque SA,Linha PA,2030-04-10
23,OP-2001,CONSUMO,317.0,Estoque SA,Linha PA,2030-04-10
29,OP-2001,CONSUMO,317.0,Estoque SA,Linha PA,2030-04-10
32,OP-2001,PRODUCAO,317.0,Linha PA,Estoque PA,2030-04-10
1,OP-2002,CONSUMO,0.0,Estoque MP,Linha SA,2030-04-10
8,OP-2002,CONSUMO,0.0,Estoque MP,Linha SA,2030-04-10
6,OP-2002,CONSUMO,0.0,Estoque MP,Linha SA,2030-04-10
5,OP-2002,CONSUMO,0.0,Estoque MP,Linha SA,2030-04-10
20,OP-2002,CONSUMO,0.0,Estoque MP,Linha SA,2030-04-10
21,OP-2002,CONSUMO,0.0,Estoque MP,Linha SA,2030-04-10
18,OP-2002,CONSUMO,0.0,Estoque SA,Linha PA,2030-04-10
27,OP-2002,CONSUMO,0.0,Estoque SA,Linha PA,2030-04-10
30,OP-2002,CONSUMO,0.0,Estoque SA,Linha PA,2030-04-10
33,OP-2002,PRODUCAO,0.0,Linha PA,Estoque PA,2030-04-10
1,OP-2003,CONSUMO,64.0,Estoque MP,Linha SA,2030-04-10
2,OP-2003,CONSUMO,64.0,Estoque MP,Linha SA,2030-04-10
14,OP-2003,CONSUMO,192.0,Estoque MP,Linha SA,2030-04-10
4,OP-2003,CONSUMO,640.0,Estoque MP,Linha SA,2030-04-10
5,OP-2003,CONSUMO,256.0,Estoque MP,Linha SA,2030-04-10
13,OP-2003,CONSUMO,64.0,Estoque MP,Linha SA,2030-04-10
16,OP-2003,PRODUCAO,64.0,Linha SA,Estoque SA,2030-04-10
24,OP-2003,PRODUCAO,64.0,Linha SA,Estoque SA,2030-04-10
25,OP-2003,PRODUCAO,64.0,Linha SA,Estoque SA,2030-04-10
16,OP-2003,CONSUMO,64.0,Estoque SA,Linha PA,2030-04-10
24,OP-2003,CONSUMO,64.0,Estoque SA,Linha PA,2030-04-10
25,OP-2003,CONSUMO,64.0,Estoque SA,Linha PA,2030-04-10
34,OP-2003,PRODUCAO,64.0,Linha PA,Estoque PA,2030-04-10
1,OP-2004,CONSUMO,40.0,Estoque MP,Linha SA,2030-04-10
3,OP-2004,CONSUMO,40.0,Estoque MP,Linha SA,2030-04-10
14,OP-2004,CONSUMO,40.0,Estoque MP,Linha SA,2030-04-10
13,OP-2004,CONSUMO,80.0,Estoque MP,Linha SA,2030-04-10
12,OP-2004,CONSUMO,120.0,Estoque MP,Linha SA,2030-04-10
17,OP-2004,PRODUCAO,40.0,Linha SA,Estoque SA,2030-04-10
23,OP-2004,PRODUCAO,40.0,Linha SA,Estoque SA,2030-04-10
17,OP-2004,CONSUMO,40.0,Estoque SA,Linha PA,2030-04-10
23,OP-2004,CONSUMO,40.0,Estoque SA,Linha PA,2030-04-10
35,OP-2004,PRODUCAO,40.0,Linha PA,Estoque PA,2030-04-10
1,OP-2005,CONSUMO,374.0,Estoque MP,Linha SA,2030-04-10
8,OP-2005,CONSUMO,374.0,Estoque MP,Linha SA,2030-04-10
6,OP-2005,CONSUMO,2992.0,Estoque MP,Linha SA,2030-04-10
7,OP-2005,CONSUMO,374.0,Estoque MP,Linha SA,2030-04-10
18,OP-2005,PRODUCAO,374.0,Linha SA,Estoque SA,2030-04-10
26,OP-2005,PRODUCAO,374.0,Linha SA,Estoque SA,2030-04-10
18,OP-2005,CONSUMO,374.0,Estoque SA,Linha PA,2030-04-10
26,OP-2005,CONSUMO,374.0,Estoque SA,Linha PA,2030-04-10
36,OP-2005,PRODUCAO,374.0,Linha PA,Estoque PA,2030-04-10
1,OP-2006,CONSUMO,0.0,Estoque MP,Linha SA,2030-04-10
2,OP-2006,CONSUMO,0.0,Estoque MP,Linha SA,2030-04-10
14,OP-2006,CONSUMO,0.0,Estoque MP,Linha SA,2030-04-10
13,OP-2006,CONSUMO,0.0,Estoque MP,Linha SA,2030-04-10
12,OP-2006,CONSUMO,0.0,Estoque MP,Linha SA,2030-04-10
16,OP-2006,CONSUMO,0.0,Estoque SA,Linha PA,2030-04-10
22,OP-2006,CONSUMO,0.0,Estoque SA,Linha PA,2030-04-10
37,OP-2006,PRODUCAO,0.0,Linha PA,Estoque PA,2030-04-10
1,OP-2007,CONSUMO,0.0,Estoque MP,Linha SA,2030-04-10
3,OP-2007,CONSUMO,0.0,Estoque MP,Linha SA,2030-04-10
14,OP-2007,CONSUMO,0.0,Estoque MP,Linha SA,2030-04-10
6,OP-2007,CONSUMO,0.0,Estoque MP,Linha SA,2030-04-10
7,OP-2007,CONSUMO,0.0,Estoque MP,Linha SA,2030-04-10
17,OP-2007,CONSUMO,0.0,Estoque SA,Linha PA,2030-04-10
26,OP-2007,CONSUMO,0.0,Estoque SA,Linha PA,2030-04-10
38,OP-2007,PRODUCAO,0.0,Linha PA,Estoque PA,2030-04-10
1,OP-2008,CONSUMO,0.0,Estoque MP,Linha SA,2030-04-10
8,OP-2008,CONSUMO,0.0,Estoque MP,Linha SA,2030-04-10
6,OP-2008,CONSUMO,0.0,Estoque MP,Linha SA,2030-04-10
20,OP-2008,CONSUMO,0.0,Estoque MP,Linha SA,2030-04-10
21,OP-2008,CONSUMO,0.0,Estoque MP,Linha SA,2030-04-10
18,OP-2008,CONSUMO,0.0,Estoque SA,Linha PA,2030-04-10
30,OP-2008,CONSUMO,0.0,Estoque SA,Linha PA,2030-04-10
39,OP-2008,PRODUCAO,0.0,Linha PA,Estoque PA,2030-04-10
1,OP-2009,CONSUMO,0.0,Estoque MP,Linha SA,2030-04-10
2,OP-2009,CONSUMO,0.0,Estoque MP,Linha SA,2030-04-10
14,OP-2009,CONSUMO,0.0,Estoque MP,Linha SA,2030-04-10
4,OP-2009,CONSUMO,0.0,Estoque MP,Linha SA,2030-04-10
5,OP-2009,CONSUMO,0.0,Estoque MP,Linha SA,2030-04-10
16,OP-2009,CONSUMO,0.0,Estoque SA,Linha PA,2030-04-10
24,OP-2009,CONSUMO,0.0,Estoque SA,Linha PA,2030-04-10
40,OP-2009,PRODUCAO,0.0,Linha PA,Estoque PA,2030-04-10
1,OP-2010,CONSUMO,0.0,Estoque MP,Linha SA,2030-04-10
3,OP-2010,CONSUMO,0.0,Estoque MP,Linha SA,2030-04-10
14,OP-2010,CONSUMO,0.0,Estoque MP,Linha SA,2030-04-10
13,OP-2010,CONSUMO,0.0,Estoque MP,Linha SA,2030-04-10
12,OP-2010,CONSUMO,0.0,Estoque MP,Linha SA,2030-04-10
17,OP-2010,CONSUMO,0.0,Estoque SA,Linha PA,2030-04-10
23,OP-2010,CONSUMO,0.0,Estoque SA,Linha PA,2030-04-10
41,OP-2010,PRODUCAO,0.0,Linha PA,Estoque PA,2030-04-10
1,OP-2011,CONSUMO,0.0,Estoque MP,Linha SA,2030-04-10
8,OP-2011,CONSUMO,0.0,Estoque MP,Linha SA,2030-04-10
6,OP-2011,CONSUMO,0.0,Estoque MP,Linha SA,2030-04-10
20,OP-2011,CONSUMO,0.0,Estoque MP,Linha SA,2030-04-10
21,OP-2011,CONSUMO,0.0,Estoque MP,Linha SA,2030-04-10
18,OP-2011,CONSUMO,0.0,Estoque SA,Linha PA,2030-04-10
30,OP-2011,CONSUMO,0.0,Estoque SA,Linha PA,2030-04-10
42,OP-2011,PRODUCAO,0.0,Linha PA,Estoque PA,2030-04-10
1,OP-2012,CONSUMO,0.0,Estoque MP,Linha SA,2030-04-10
2,OP-2012,CONSUMO,0.0,Estoque MP,Linha SA,2030-04-10
14,OP-2012,CONSUMO,0.0,Estoque MP,Linha SA,2030-04-10
6,OP-2012,CONSUMO,0.0,Estoque MP,Linha SA,2030-04-10
7,OP-2012,CONSUMO,0.0,Estoque MP,Linha SA,2030-04-10
16,OP-2012,CONSUMO,0.0,Estoque SA,Linha PA,2030-04-10
26,OP-2012,CONSUMO,0.0,Estoque SA,Linha PA,2030-04-10
43,OP-2012,PRODUCAO,0.0,Linha PA,Estoque PA,2030-04-10
1,OP-2013,CONSUMO,0.0,Estoque MP,Linha SA,2030-04-10
3,OP-2013,CONSUMO,0.0,Estoque MP,Linha SA,2030-04-10
14,OP-2013,CONSUMO,0.0,Estoque MP,Linha SA,2030-04-10
5,OP-2013,CONSUMO,0.0,Estoque MP,Linha SA,2030-04-10
4,OP-2013,CONSUMO,0.0,Estoque MP,Linha SA,2030-04-10
17,OP-2013,CONSUMO,0.0,Estoque SA,Linha PA,2030-04-10
29,OP-2013,CONSUMO,0.0,Estoque SA,Linha PA,2030-04-10
44,OP-2013,PRODUCAO,0.0,Linha PA,Estoque PA,2030-04-10
1,OP-2014,CONSUMO,0.0,Estoque MP,Linha SA,2030-04-10
2,OP-2014,CONSUMO,0.0,Estoque MP,Linha SA,2030-04-10
14,OP-2014,CONSUMO,0.0,Estoque MP,Linha SA,2030-04-10
13,OP-2014,CONSUMO,0.0,Estoque MP,Linha SA,2030-04-10
12,OP-2014,CONSUMO,0.0,Estoque MP,Linha SA,2030-04-10
16,OP-2014,CONSUMO,0.0,Estoque SA,Linha PA,2030-04-10
22,OP-2014,CONSUMO,0.0,Estoque SA,Linha PA,2030-04-10
45,OP-2014,PRODUCAO,0.0,Linha PA,Estoque PA,2030-04-10
1,OP-2000,CONSUMO,270.0,Estoque MP,Linha SA,2030-05-10
2,OP-2000,CONSUMO,270.0,Estoque MP,Linha SA,2030-05-10
14,OP-2000,CONSUMO,810.0,Estoque MP,Linha SA,2030-05-10
13,OP-2000,CONSUMO,1080.0,Estoque MP,Linha SA,2030-05-10
12,OP-2000,CONSUMO,1080.0,Estoque MP,Linha SA,2030-05-10
4,OP-2000,CONSUMO,2700.0,Estoque MP,Linha SA,2030-05-10
5,OP-2000,CONSUMO,1080.0,Estoque MP,Linha SA,2030-05-10
16,OP-2000,PRODUCAO,270.0,Linha SA,Estoque SA,2030-05-10
22,OP-2000,PRODUCAO,270.0,Linha SA,Estoque SA,2030-05-10
24,OP-2000,PRODUCAO,270.0,Linha SA,Estoque SA,2030-05-10
25,OP-2000,PRODUCAO,270.0,Linha SA,Estoque SA,2030-05-10
16,OP-2000,CONSUMO,270.0,Estoque SA,Linha PA,2030-05-10
22,OP-2000,CONSUMO,270.0,Estoque SA,Linha PA,2030-05-10
24,OP-2000,CONSUMO,270.0,Estoque SA,Linha PA,2030-05-10
25,OP-2000,CONSUMO,270.0,Estoque SA,Linha PA,2030-05-10
31,OP-2000,PRODUCAO,270.0,Linha PA,Estoque PA,2030-05-10
1,OP-2001,CONSUMO,305.0,Estoque MP,Linha SA,2030-05-10
3,OP-2001,CONSUMO,305.0,Estoque MP,Linha SA,2030-05-10
14,OP-2001,CONSUMO,305.0,Estoque MP,Linha SA,2030-05-10
13,OP-2001,CONSUMO,610.0,Estoque MP,Linha SA,2030-05-10
12,OP-2001,CONSUMO,915.0,Estoque MP,Linha SA,2030-05-10
5,OP-2001,CONSUMO,915.0,Estoque MP,Linha SA,2030-05-10
4,OP-2001,CONSUMO,610.0,Estoque MP,Linha SA,2030-05-10
17,OP-2001,PRODUCAO,305.0,Linha SA,Estoque SA,2030-05-10
23,OP-2001,PRODUCAO,305.0,Linha SA,Estoque SA,2030-05-10
29,OP-2001,PRODUCAO,305.0,Linha SA,Estoque SA,2030-05-10
17,OP-2001,CONSUMO,305.0,Estoque SA,Linha PA,2030-05-10
23,OP-2001,CONSUMO,305.0,Estoque SA,Linha PA,2030-05-10
29,OP-2001,CONSUMO,305.0,Estoque SA,Linha PA,2030-05-10
32,OP-2001,PRODUCAO,305.0,Linha PA,Estoque PA,2030-05-10
1,OP-2002,CONSUMO,0.0,Estoque MP,Linha SA,2030-05-10
8,OP-2002,CONSUMO,0.0,Estoque MP,Linha SA,2030-05-10
6,OP-2002,CONSUMO,0.0,Estoque MP,Linha SA,2030-05-10
5,OP-2002,CONSUMO,0.0,Estoque MP,Linha SA,2030-05-10
20,OP-2002,CONSUMO,0.0,Estoque MP,Linha SA,2030-05-10
21,OP-2002,CONSUMO,0.0,Estoque MP,Linha SA,2030-05-10
18,OP-2002,CONSUMO,0.0,Estoque SA,Linha PA,2030-05-10
27,OP-2002,CONSUMO,0.0,Estoque SA,Linha PA,2030-05-10
30,OP-2002,CONSUMO,0.0,Estoque SA,Linha PA,2030-05-10
33,OP-2002,PRODUCAO,0.0,Linha PA,Estoque PA,2030-05-10
1,OP-2003,CONSUMO,232.0,Estoque MP,Linha SA,2030-05-10
2,OP-2003,CONSUMO,232.0,Estoque MP,Linha SA,2030-05-10
14,OP-2003,CONSUMO,696.0,Estoque MP,Linha SA,2030-05-10
4,OP-2003,CONSUMO,2320.0,Estoque MP,Linha SA,2030-05-10
5,OP-2003,CONSUMO,928.0,Estoque MP,Linha SA,2030-05-10
13,OP-2003,CONSUMO,232.0,Estoque MP,Linha SA,2030-05-10
16,OP-2003,PRODUCAO,232.0,Linha SA,Estoque SA,2030-05-10
24,OP-2003,PRODUCAO,232.0,Linha SA,Estoque SA,2030-05-10
25,OP-2003,PRODUCAO,232.0,Linha SA,Estoque SA,2030-05-10
16,OP-2003,CONSUMO,232.0,Estoque SA,Linha PA,2030-05-10
24,OP-2003,CONSUMO,232.0,Estoque SA,Linha PA,2030-05-10
25,OP-2003,CONSUMO,232.0,Estoque SA,Linha PA,2030-05-10
34,OP-2003,PRODUCAO,232.0,Linha PA,Estoque PA,2030-05-10
1,OP-2004,CONSUMO,0.0,Estoque MP,Linha SA,2030-05-10
3,OP-2004,CONSUMO,0.0,Estoque MP,Linha SA,2030-05-10
14,OP-2004,CONSUMO,0.0,Estoque MP,Linha SA,2030-05-10
13,OP-2004,CONSUMO,0.0,Estoque MP,Linha SA,2030-05-10
12,OP-2004,CONSUMO,0.0,Estoque MP,Linha SA,2030-05-10
17,OP-2004,CONSUMO,0.0,Estoque SA,Linha PA,2030-05-10
23,OP-2004,CONSUMO,0.0,Estoque SA,Linha PA,2030-05-10
35,OP-2004,PRODUCAO,0.0,Linha PA,Estoque PA,2030-05-10
1,OP-2005,CONSUMO,282.0,Estoque MP,Linha SA,2030-05-10
8,OP-2005,CONSUMO,282.0,Estoque MP,Linha SA,2030-05-10
6,OP-2005,CONSUMO,2256.0,Estoque MP,Linha SA,2030-05-10
7,OP-2005,CONSUMO,282.0,Estoque MP,Linha SA,2030-05-10
18,OP-2005,PRODUCAO,282.0,Linha SA,Estoque SA,2030-05-10
26,OP-2005,PRODUCAO,282.0,Linha SA,Estoque SA,2030-05-10
18,OP-2005,CONSUMO,282.0,Estoque SA,Linha PA,2030-05-10
26,OP-2005,CONSUMO,282.0,Estoque SA,Linha PA,2030-05-10
36,OP-2005,PRODUCAO,282.0,Linha PA,Estoque PA,2030-05-10
1,OP-2006,CONSUMO,0.0,Estoque MP,Linha SA,2030-05-10
2,OP-2006,CONSUMO,0.0,Estoque MP,Linha SA,2030-05-10
14,OP-2006,CONSUMO,0.0,Estoque MP,Linha SA,2030-05-10
13,OP-2006,CONSUMO,0.0,Estoque MP,Linha SA,2030-05-10
12,OP-2006,CONSUMO,0.0,Estoque MP,Linha SA,2030-05-10
16,OP-2006,CONSUMO,0.0,Estoque SA,Linha PA,2030-05-10
22,OP-2006,CONSUMO,0.0,Estoque SA,Linha PA,2030-05-10
37,OP-2006,PRODUCAO,0.0,Linha PA,Estoque PA,2030-05-10
1,OP-2007,CONSUMO,0.0,Estoque MP,Linha SA,2030-05-10
3,OP-2007,CONSUMO,0.0,Estoque MP,Linha SA,2030-05-10
14,OP-2007,CONSUMO,0.0,Estoque MP,Linha SA,2030-05-10
6,OP-2007,CONSUMO,0.0,Estoque MP,Linha SA,2030-05-10
7,OP-2007,CONSUMO,0.0,Estoque MP,Linha SA,2030-05-10
17,OP-2007,CONSUMO,0.0,Estoque SA,Linha PA,2030-05-10
26,OP-2007,CONSUMO,0.0,Estoque SA,Linha PA,2030-05-10
38,OP-2007,PRODUCAO,0.0,Linha PA,Estoque PA,2030-05-10
1,OP-2008,CONSUMO,0.0,Estoque MP,Linha SA,2030-05-10
8,OP-2008,CONSUMO,0.0,Estoque MP,Linha SA,2030-05-10
6,OP-2008,CONSUMO,0.0,Estoque MP,Linha SA,2030-05-10
20,OP-2008,CONSUMO,0.0,Estoque MP,Linha SA,2030-05-10
21,OP-2008,CONSUMO,0.0,Estoque MP,Linha SA,2030-05-10
18,OP-2008,CONSUMO,0.0,Estoque SA,Linha PA,2030-05-10
30,OP-2008,CONSUMO,0.0,Estoque SA,Linha PA,2030-05-10
39,OP-2008,PRODUCAO,0.0,Linha PA,Estoque PA,2030-05-10
1,OP-2009,CONSUMO,0.0,Estoque MP,Linha SA,2030-05-10
2,OP-2009,CONSUMO,0.0,Estoque MP,Linha SA,2030-05-10
14,OP-2009,CONSUMO,0.0,Estoque MP,Linha SA,2030-05-10
4,OP-2009,CONSUMO,0.0,Estoque MP,Linha SA,2030-05-10
5,OP-2009,CONSUMO,0.0,Estoque MP,Linha SA,2030-05-10
16,OP-2009,CONSUMO,0.0,Estoque SA,Linha PA,2030-05-10
24,OP-2009,CONSUMO,0.0,Estoque SA,Linha PA,2030-05-10
40,OP-2009,PRODUCAO,0.0,Linha PA,Estoque PA,2030-05-10
1,OP-2010,CONSUMO,0.0,Estoque MP,Linha SA,2030-05-10
3,OP-2010,CONSUMO,0.0,Estoque MP,Linha SA,2030-05-10
14,OP-2010,CONSUMO,0.0,Estoque MP,Linha SA,2030-05-10
13,OP-2010,CONSUMO,0.0,Estoque MP,Linha SA,2030-05-10
12,OP-2010,CONSUMO,0.0,Estoque MP,Linha SA,2030-05-10
17,OP-2010,CONSUMO,0.0,Estoque SA,Linha PA,2030-05-10
23,OP-2010,CONSUMO,0.0,Estoque SA,Linha PA,2030-05-10
41,OP-2010,PRODUCAO,0.0,Linha PA,Estoque PA,2030-05-10
1,OP-2011,CONSUMO,0.0,Estoque MP,Linha SA,2030-05-10
8,OP-2011,CONSUMO,0.0,Estoque MP,Linha SA,2030-05-10
6,OP-2011,CONSUMO,0.0,Estoque MP,Linha SA,2030-05-10
20,OP-2011,CONSUMO,0.0,Estoque MP,Linha SA,2030-05-10
21,OP-2011,CONSUMO,0.0,Estoque MP,Linha SA,2030-05-10
18,OP-2011,CONSUMO,0.0,Estoque SA,Linha PA,2030-05-10
30,OP-2011,CONSUMO,0.0,Estoque SA,Linha PA,2030-05-10
42,OP-2011,PRODUCAO,0.0,Linha PA,Estoque PA,2030-05-10
1,OP-2012,CONSUMO,0.0,Estoque MP,Linha SA,2030-05-10
2,OP-2012,CONSUMO,0.0,Estoque MP,Linha SA,2030-05-10
14,OP-2012,CONSUMO,0.0,Estoque MP,Linha SA,2030-05-10
6,OP-2012,CONSUMO,0.0,Estoque MP,Linha SA,2030-05-10
7,OP-2012,CONSUMO,0.0,Estoque MP,Linha SA,2030-05-10
16,OP-2012,CONSUMO,0.0,Estoque SA,Linha PA,2030-05-10
26,OP-2012,CONSUMO,0.0,Estoque SA,Linha PA,2030-05-10
43,OP-2012,PRODUCAO,0.0,Linha PA,Estoque PA,2030-05-10
1,OP-2013,CONSUMO,0.0,Estoque MP,Linha SA,2030-05-10
3,OP-2013,CONSUMO,0.0,Estoque MP,Linha SA,2030-05-10
14,OP-2013,CONSUMO,0.0,Estoque MP,Linha SA,2030-05-10
5,OP-2013,CONSUMO,0.0,Estoque MP,Linha SA,2030-05-10
4,OP-2013,CONSUMO,0.0,Estoque MP,Linha SA,2030-05-10
17,OP-2013,CONSUMO,0.0,Estoque SA,Linha PA,2030-05-10
29,OP-2013,CONSUMO,0.0,Estoque SA,Linha PA,2030-05-10
44,OP-2013,PRODUCAO,0.0,Linha PA,Estoque PA,2030-05-10
1,OP-2014,CONSUMO,0.0,Estoque MP,Linha SA,2030-05-10
2,OP-2014,CONSUMO,0.0,Estoque MP,Linha SA,2030-05-10
14,OP-2014,CONSUMO,0.0,Estoque MP,Linha SA,2030-05-10
13,OP-2014,CONSUMO,0.0,Estoque MP,Linha SA,2030-05-10
12,OP-2014,CONSUMO,0.0,Estoque MP,Linha SA,2030-05-10
16,OP-2014,CONSUMO,0.0,Estoque SA,Linha PA,2030-05-10
22,OP-2014,CONSUMO,0.0,Estoque SA,Linha PA,2030-05-10
45,OP-2014,PRODUCAO,0.0,Linha PA,Estoque PA,2030-05-10
1,OP-2000,CONSUMO,262.0,Estoque MP,Linha SA,2030-06-10
2,OP-2000,CONSUMO,262.0,Estoque MP,Linha SA,2030-06-10
14,OP-2000,CONSUMO,786.0,Estoque MP,Linha SA,2030-06-10
13,OP-2000,CONSUMO,1048.0,Estoque MP,Linha SA,2030-06-10
12,OP-2000,CONSUMO,1048.0,Estoque MP,Linha SA,2030-06-10
4,OP-2000,CONSUMO,2620.0,Estoque MP,Linha SA,2030-06-10
5,OP-2000,CONSUMO,1048.0,Estoque MP,Linha SA,2030-06-10
16,OP-2000,PRODUCAO,262.0,Linha SA,Estoque SA,2030-06-10
22,OP-2000,PRODUCAO,262.0,Linha SA,Estoque SA,2030-06-10
24,OP-2000,PRODUCAO,262.0,Linha SA,Estoque SA,2030-06-10
25,OP-2000,PRODUCAO,262.0,Linha SA,Estoque SA,2030-06-10
16,OP-2000,CONSUMO,262.0,Estoque SA,Linha PA,2030-06-10
22,OP-2000,CONSUMO,262.0,Estoque SA,Linha PA,2030-06-10
24,OP-2000,CONSUMO,262.0,Estoque SA,Linha PA,2030-06-10
25,OP-2000,CONSUMO,262.0,Estoque SA,Linha PA,2030-06-10
31,OP-2000,PRODUCAO,262.0,Linha PA,Estoque PA,2030-06-10
1,OP-2001,CONSUMO,297.0,Estoque MP,Linha SA,2030-06-10
3,OP-2001,CONSUMO,297.0,Estoque MP,Linha SA,2030-06-10
14,OP-2001,CONSUMO,297.0,Estoque MP,Linha SA,2030-06-10
13,OP-2001,CONSUMO,594.0,Estoque MP,Linha SA,2030-06-10
12,OP-2001,CONSUMO,891.0,Estoque MP,Linha SA,2030-06-10
5,OP-2001,CONSUMO,891.0,Estoque MP,Linha SA,2030-06-10
4,OP-2001,CONSUMO,594.0,Estoque MP,Linha SA,2030-06-10
17,OP-2001,PRODUCAO,297.0,Linha SA,Estoque SA,2030-06-10
23,OP-2001,PRODUCAO,297.0,Linha SA,Estoque SA,2030-06-10
29,OP-2001,PRODUCAO,297.0,Linha SA,Estoque SA,2030-06-10
17,OP-2001,CONSUMO,297.0,Estoque SA,Linha PA,2030-06-10
23,OP-2001,CONSUMO,297.0,Estoque SA,Linha PA,2030-06-10
29,OP-2001,CONSUMO,297.0,Estoque SA,Linha PA,2030-06-10
32,OP-2001,PRODUCAO,297.0,Linha PA,Estoque PA,2030-06-10
1,OP-2002,CONSUMO,0.0,Estoque MP,Linha SA,2030-06-10
8,OP-2002,CONSUMO,0.0,Estoque MP,Linha SA,2030-06-10
6,OP-2002,CONSUMO,0.0,Estoque MP,Linha SA,2030-06-10
5,OP-2002,CONSUMO,0.0,Estoque MP,Linha SA,2030-06-10
20,OP-2002,CONSUMO,0.0,Estoque MP,Linha SA,2030-06-10
21,OP-2002,CONSUMO,0.0,Estoque MP,Linha SA,2030-06-10
18,OP-2002,CONSUMO,0.0,Estoque SA,Linha PA,2030-06-10
27,OP-2002,CONSUMO,0.0,Estoque SA,Linha PA,2030-06-10
30,OP-2002,CONSUMO,0.0,Estoque SA,Linha PA,2030-06-10
33,OP-2002,PRODUCAO,0.0,Linha PA,Estoque PA,2030-06-10
1,OP-2003,CONSUMO,187.0,Estoque MP,Linha SA,2030-06-10
2,OP-2003,CONSUMO,187.0,Estoque MP,Linha SA,2030-06-10
14,OP-2003,CONSUMO,561.0,Estoque MP,Linha SA,2030-06-10
4,OP-2003,CONSUMO,1870.0,Estoque MP,Linha SA,2030-06-10
5,OP-2003,CONSUMO,748.0,Estoque MP,Linha SA,2030-06-10
13,OP-2003,CONSUMO,187.0,Estoque MP,Linha SA,2030-06-10
16,OP-2003,PRODUCAO,187.0,Linha SA,Estoque SA,2030-06-10
24,OP-2003,PRODUCAO,187.0,Linha SA,Estoque SA,2030-06-10
25,OP-2003,PRODUCAO,187.0,Linha SA,Estoque SA,2030-06-10
16,OP-2003,CONSUMO,187.0,Estoque SA,Linha PA,2030-06-10
24,OP-2003,CONSUMO,187.0,Estoque SA,Linha PA,2030-06-10
25,OP-2003,CONSUMO,187.0,Estoque SA,Linha PA,2030-06-10
34,OP-2003,PRODUCAO,187.0,Linha PA,Estoque PA,2030-06-10
1,OP-2004,CONSUMO,113.0,Estoque MP,Linha SA,2030-06-10
3,OP-2004,CONSUMO,113.0,Estoque MP,Linha SA,2030-06-10
14,OP-2004,CONSUMO,113.0,Estoque MP,Linha SA,2030-06-10
13,OP-2004,CONSUMO,226.0,Estoque MP,Linha SA,2030-06-10
12,OP-2004,CONSUMO,339.0,Estoque MP,Linha SA,2030-06-10
17,OP-2004,PRODUCAO,113.0,Linha SA,Estoque SA,2030-06-10
23,OP-2004,PRODUCAO,113.0,Linha SA,Estoque SA,2030-06-10
17,OP-2004,CONSUMO,113.0,Estoque SA,Linha PA,2030-06-10
23,OP-2004,CONSUMO,113.0,Estoque SA,Linha PA,2030-06-10
35,OP-2004,PRODUCAO,113.0,Linha PA,Estoque PA,2030-06-10
1,OP-2005,CONSUMO,365.0,Estoque MP,Linha SA,2030-06-10
8,OP-2005,CONSUMO,365.0,Estoque MP,Linha SA,2030-06-10
6,OP-2005,CONSUMO,2920.0,Estoque MP,Linha SA,2030-06-10
7,OP-2005,CONSUMO,365.0,Estoque MP,Linha SA,2030-06-10
18,OP-2005,PRODUCAO,365.0,Linha SA,Estoque SA,2030-06-10
26,OP-2005,PRODUCAO,365.0,Linha SA,Estoque SA,2030-06-10
18,OP-2005,CONSUMO,365.0,Estoque SA,Linha PA,2030-06-10
26,OP-2005,CONSUMO,365.0,Estoque SA,Linha PA,2030-06-10
36,OP-2005,PRODUCAO,365.0,Linha PA,Estoque PA,2030-06-10
1,OP-2006,CONSUMO,0.0,Estoque MP,Linha SA,2030-06-10
2,OP-2006,CONSUMO,0.0,Estoque MP,Linha SA,2030-06-10
14,OP-2006,CONSUMO,0.0,Estoque MP,Linha SA,2030-06-10
13,OP-2006,CONSUMO,0.0,Estoque MP,Linha SA,2030-06-10
12,OP-2006,CONSUMO,0.0,Estoque MP,Linha SA,2030-06-10
16,OP-2006,CONSUMO,0.0,Estoque SA,Linha PA,2030-06-10
22,OP-2006,CONSUMO,0.0,Estoque SA,Linha PA,2030-06-10
37,OP-2006,PRODUCAO,0.0,Linha PA,Estoque PA,2030-06-10
1,OP-2007,CONSUMO,0.0,Estoque MP,Linha SA,2030-06-10
3,OP-2007,CONSUMO,0.0,Estoque MP,Linha SA,2030-06-10
14,OP-2007,CONSUMO,0.0,Estoque MP,Linha SA,2030-06-10
6,OP-2007,CONSUMO,0.0,Estoque MP,Linha SA,2030-06-10
7,OP-2007,CONSUMO,0.0,Estoque MP,Linha SA,2030-06-10
17,OP-2007,CONSUMO,0.0,Estoque SA,Linha PA,2030-06-10
26,OP-2007,CONSUMO,0.0,Estoque SA,Linha PA,2030-06-10
38,OP-2007,PRODUCAO,0.0,Linha PA,Estoque PA,2030-06-10
1,OP-2008,CONSUMO,0.0,Estoque MP,Linha SA,2030-06-10
8,OP-2008,CONSUMO,0.0,Estoque MP,Linha SA,2030-06-10
6,OP-2008,CONSUMO,0.0,Estoque MP,Linha SA,2030-06-10
20,OP-2008,CONSUMO,0.0,Estoque MP,Linha SA,2030-06-10
21,OP-2008,CONSUMO,0.0,Estoque MP,Linha SA,2030-06-10
18,OP-2008,CONSUMO,0.0,Estoque SA,Linha PA,2030-06-10
30,OP-2008,CONSUMO,0.0,Estoque SA,Linha PA,2030-06-10
39,OP-2008,PRODUCAO,0.0,Linha PA,Estoque PA,2030-06-10
1,OP-2009,CONSUMO,0.0,Estoque MP,Linha SA,2030-06-10
2,OP-2009,CONSUMO,0.0,Estoque MP,Linha SA,2030-06-10
14,OP-2009,CONSUMO,0.0,Estoque MP,Linha SA,2030-06-10
4,OP-2009,CONSUMO,0.0,Estoque MP,Linha SA,2030-06-10
5,OP-2009,CONSUMO,0.0,Estoque MP,Linha SA,2030-06-10
16,OP-2009,CONSUMO,0.0,Estoque SA,Linha PA,2030-06-10
24,OP-2009,CONSUMO,0.0,Estoque SA,Linha PA,2030-06-10
40,OP-2009,PRODUCAO,0.0,Linha PA,Estoque PA,2030-06-10
1,OP-2010,CONSUMO,0.0,Estoque MP,Linha SA,2030-06-10
3,OP-2010,CONSUMO,0.0,Estoque MP,Linha SA,2030-06-10
14,OP-2010,CONSUMO,0.0,Estoque MP,Linha SA,2030-06-10
13,OP-2010,CONSUMO,0.0,Estoque MP,Linha SA,2030-06-10
12,OP-2010,CONSUMO,0.0,Estoque MP,Linha SA,2030-06-10
17,OP-2010,CONSUMO,0.0,Estoque SA,Linha PA,2030-06-10
23,OP-2010,CONSUMO,0.0,Estoque SA,Linha PA,2030-06-10
41,OP-2010,PRODUCAO,0.0,Linha PA,Estoque PA,2030-06-10
1,OP-2011,CONSUMO,0.0,Estoque MP,Linha SA,2030-06-10
8,OP-2011,CONSUMO,0.0,Estoque MP,Linha SA,2030-06-10
6,OP-2011,CONSUMO,0.0,Estoque MP,Linha SA,2030-06-10
20,OP-2011,CONSUMO,0.0,Estoque MP,Linha SA,2030-06-10
21,OP-2011,CONSUMO,0.0,Estoque MP,Linha SA,2030-06-10
18,OP-2011,CONSUMO,0.0,Estoque SA,Linha PA,2030-06-10
30,OP-2011,CONSUMO,0.0,Estoque SA,Linha PA,2030-06-10
42,OP-2011,PRODUCAO,0.0,Linha PA,Estoque PA,2030-06-10
1,OP-2012,CONSUMO,0.0,Estoque MP,Linha SA,2030-06-10
2,OP-2012,CONSUMO,0.0,Estoque MP,Linha SA,2030-06-10
14,OP-2012,CONSUMO,0.0,Estoque MP,Linha SA,2030-06-10
6,OP-2012,CONSUMO,0.0,Estoque MP,Linha SA,2030-06-10
7,OP-2012,CONSUMO,0.0,Estoque MP,Linha SA,2030-06-10
16,OP-2012,CONSUMO,0.0,Estoque SA,Linha PA,2030-06-10
26,OP-2012,CONSUMO,0.0,Estoque SA,Linha PA,2030-06-10
43,OP-2012,PRODUCAO,0.0,Linha PA,Estoque PA,2030-06-10
1,OP-2013,CONSUMO,0.0,Estoque MP,Linha SA,2030-06-10
3,OP-2013,CONSUMO,0.0,Estoque MP,Linha SA,2030-06-10
14,OP-2013,CONSUMO,0.0,Estoque MP,Linha SA,2030-06-10
5,OP-2013,CONSUMO,0.0,Estoque MP,Linha SA,2030-06-10
4,OP-2013,CONSUMO,0.0,Estoque MP,Linha SA,2030-06-10
17,OP-2013,CONSUMO,0.0,Estoque SA,Linha PA,2030-06-10
29,OP-2013,CONSUMO,0.0,Estoque SA,Linha PA,2030-06-10
44,OP-2013,PRODUCAO,0.0,Linha PA,Estoque PA,2030-06-10
1,OP-2014,CONSUMO,0.0,Estoque MP,Linha SA,2030-06-10
2,OP-2014,CONSUMO,0.0,Estoque MP,Linha SA,2030-06-10
14,OP-2014,CONSUMO,0.0,Estoque MP,Linha SA,2030-06-10
13,OP-2014,CONSUMO,0.0,Estoque MP,Linha SA,2030-06-10
12,OP-2014,CONSUMO,0.0,Estoque MP,Linha SA,2030-06-10
16,OP-2014,CONSUMO,0.0,Estoque SA,Linha PA,2030-06-10
22,OP-2014,CONSUMO,0.0,Estoque SA,Linha PA,2030-06-10
45,OP-2014,PRODUCAO,0.0,Linha PA,Estoque PA,2030-06-10
1,OP-2000,CONSUMO,200.0,Estoque MP,Linha SA,2030-07-10
2,OP-2000,CONSUMO,200.0,Estoque MP,Linha SA,2030-07-10
14,OP-2000,CONSUMO,600.0,Estoque MP,Linha SA,2030-07-10
13,OP-2000,CONSUMO,800.0,Estoque MP,Linha SA,2030-07-10
12,OP-2000,CONSUMO,800.0,Estoque MP,Linha SA,2030-07-10
4,OP-2000,CONSUMO,2000.0,Estoque MP,Linha SA,2030-07-10
5,OP-2000,CONSUMO,800.0,Estoque MP,Linha SA,2030-07-10
16,OP-2000,PRODUCAO,200.0,Linha SA,Estoque SA,2030-07-10
22,OP-2000,PRODUCAO,200.0,Linha SA,Estoque SA,2030-07-10
24,OP-2000,PRODUCAO,200.0,Linha SA,Estoque SA,2030-07-10
25,OP-2000,PRODUCAO,200.0,Linha SA,Estoque SA,2030-07-10
16,OP-2000,CONSUMO,194.0,Estoque SA,Linha PA,2030-07-10
22,OP-2000,CONSUMO,194.0,Estoque SA,Linha PA,2030-07-10
24,OP-2000,CONSUMO,194.0,Estoque SA,Linha PA,2030-07-10
25,OP-2000,CONSUMO,194.0,Estoque SA,Linha PA,2030-07-10
31,OP-2000,PRODUCAO,194.0,Linha PA,Estoque PA,2030-07-10
1,OP-2001,CONSUMO,225.0,Estoque MP,Linha SA,2030-07-10
3,OP-2001,CONSUMO,225.0,Estoque MP,Linha SA,2030-07-10
14,OP-2001,CONSUMO,225.0,Estoque MP,Linha SA,2030-07-10
13,OP-2001,CONSUMO,450.0,Estoque MP,Linha SA,2030-07-10
12,OP-2001,CONSUMO,675.0,Estoque MP,Linha SA,2030-07-10
5,OP-2001,CONSUMO,675.0,Estoque MP,Linha SA,2030-07-10
4,OP-2001,CONSUMO,450.0,Estoque MP,Linha SA,2030-07-10
17,OP-2001,PRODUCAO,225.0,Linha SA,Estoque SA,2030-07-10
23,OP-2001,PRODUCAO,225.0,Linha SA,Estoque SA,2030-07-10
29,OP-2001,PRODUCAO,225.0,Linha SA,Estoque SA,2030-07-10
17,OP-2001,CONSUMO,225.0,Estoque SA,Linha PA,2030-07-10
23,OP-2001,CONSUMO,225.0,Estoque SA,Linha PA,2030-07-10
29,OP-2001,CONSUMO,225.0,Estoque SA,Linha PA,2030-07-10
32,OP-2001,PRODUCAO,225.0,Linha PA,Estoque PA,2030-07-10
1,OP-2002,CONSUMO,0.0,Estoque MP,Linha SA,2030-07-10
8,OP-2002,CONSUMO,0.0,Estoque MP,Linha SA,2030-07-10
6,OP-2002,CONSUMO,0.0,Estoque MP,Linha SA,2030-07-10
5,OP-2002,CONSUMO,0.0,Estoque MP,Linha SA,2030-07-10
20,OP-2002,CONSUMO,0.0,Estoque MP,Linha SA,2030-07-10
21,OP-2002,CONSUMO,0.0,Estoque MP,Linha SA,2030-07-10
18,OP-2002,CONSUMO,0.0,Estoque SA,Linha PA,2030-07-10
27,OP-2002,CONSUMO,0.0,Estoque SA,Linha PA,2030-07-10
30,OP-2002,CONSUMO,0.0,Estoque SA,Linha PA,2030-07-10
33,OP-2002,PRODUCAO,0.0,Linha PA,Estoque PA,2030-07-10
1,OP-2003,CONSUMO,11.0,Estoque MP,Linha SA,2030-07-10
2,OP-2003,CONSUMO,11.0,Estoque MP,Linha SA,2030-07-10
14,OP-2003,CONSUMO,33.0,Estoque MP,Linha SA,2030-07-10
4,OP-2003,CONSUMO,110.0,Estoque MP,Linha SA,2030-07-10
5,OP-2003,CONSUMO,44.0,Estoque MP,Linha SA,2030-07-10
13,OP-2003,CONSUMO,11.0,Estoque MP,Linha SA,2030-07-10
16,OP-2003,PRODUCAO,11.0,Linha SA,Estoque SA,2030-07-10
24,OP-2003,PRODUCAO,11.0,Linha SA,Estoque SA,2030-07-10
25,OP-2003,PRODUCAO,11.0,Linha SA,Estoque SA,2030-07-10
16,OP-2003,CONSUMO,11.0,Estoque SA,Linha PA,2030-07-10
24,OP-2003,CONSUMO,11.0,Estoque SA,Linha PA,2030-07-10
25,OP-2003,CONSUMO,11.0,Estoque SA,Linha PA,2030-07-10
34,OP-2003,PRODUCAO,11.0,Linha PA,Estoque PA,2030-07-10
1,OP-2004,CONSUMO,0.0,Estoque MP,Linha SA,2030-07-10
3,OP-2004,CONSUMO,0.0,Estoque MP,Linha SA,2030-07-10
14,OP-2004,CONSUMO,0.0,Estoque MP,Linha SA,2030-07-10
13,OP-2004,CONSUMO,0.0,Estoque MP,Linha SA,2030-07-10
12,OP-2004,CONSUMO,0.0,Estoque MP,Linha SA,2030-07-10
17,OP-2004,CONSUMO,0.0,Estoque SA,Linha PA,2030-07-10
23,OP-2004,CONSUMO,0.0,Estoque SA,Linha PA,2030-07-10
35,OP-2004,PRODUCAO,0.0,Linha PA,Estoque PA,2030-07-10
1,OP-2005,CONSUMO,273.0,Estoque MP,Linha SA,2030-07-10
8,OP-2005,CONSUMO,273.0,Estoque MP,Linha SA,2030-07-10
6,OP-2005,CONSUMO,2184.0,Estoque MP,Linha SA,2030-07-10
7,OP-2005,CONSUMO,273.0,Estoque MP,Linha SA,2030-07-10
18,OP-2005,PRODUCAO,273.0,Linha SA,Estoque SA,2030-07-10
26,OP-2005,PRODUCAO,273.0,Linha SA,Estoque SA,2030-07-10
18,OP-2005,CONSUMO,273.0,Estoque SA,Linha PA,2030-07-10
26,OP-2005,CONSUMO,273.0,Estoque SA,Linha PA,2030-07-10
36,OP-2005,PRODUCAO,273.0,Linha PA,Estoque PA,2030-07-10
1,OP-2006,CONSUMO,0.0,Estoque MP,Linha SA,2030-07-10
2,OP-2006,CONSUMO,0.0,Estoque MP,Linha SA,2030-07-10
14,OP-2006,CONSUMO,0.0,Estoque MP,Linha SA,2030-07-10
13,OP-2006,CONSUMO,0.0,Estoque MP,Linha SA,2030-07-10
12,OP-2006,CONSUMO,0.0,Estoque MP,Linha SA,2030-07-10
16,OP-2006,CONSUMO,0.0,Estoque SA,Linha PA,2030-07-10
22,OP-2006,CONSUMO,0.0,Estoque SA,Linha PA,2030-07-10
37,OP-2006,PRODUCAO,0.0,Linha PA,Estoque PA,2030-07-10
1,OP-2007,CONSUMO,158.0,Estoque MP,Linha SA,2030-07-10
3,OP-2007,CONSUMO,158.0,Estoque MP,Linha SA,2030-07-10
14,OP-2007,CONSUMO,158.0,Estoque MP,Linha SA,2030-07-10
6,OP-2007,CONSUMO,474.0,Estoque MP,Linha SA,2030-07-10
7,OP-2007,CONSUMO,158.0,Estoque MP,Linha SA,2030-07-10
17,OP-2007,PRODUCAO,158.0,Linha SA,Estoque SA,2030-07-10
26,OP-2007,PRODUCAO,158.0,Linha SA,Estoque SA,2030-07-10
17,OP-2007,CONSUMO,158.0,Estoque SA,Linha PA,2030-07-10
26,OP-2007,CONSUMO,158.0,Estoque SA,Linha PA,2030-07-10
38,OP-2007,PRODUCAO,158.0,Linha PA,Estoque PA,2030-07-10
1,OP-2008,CONSUMO,0.0,Estoque MP,Linha SA,2030-07-10
8,OP-2008,CONSUMO,0.0,Estoque MP,Linha SA,2030-07-10
6,OP-2008,CONSUMO,0.0,Estoque MP,Linha SA,2030-07-10
20,OP-2008,CONSUMO,0.0,Estoque MP,Linha SA,2030-07-10
21,OP-2008,CONSUMO,0.0,Estoque MP,Linha SA,2030-07-10
18,OP-2008,CONSUMO,0.0,Estoque SA,Linha PA,2030-07-10
30,OP-2008,CONSUMO,0.0,Estoque SA,Linha PA,2030-07-10
39,OP-2008,PRODUCAO,0.0,Linha PA,Estoque PA,2030-07-10
1,OP-2009,CONSUMO,53.0,Estoque MP,Linha SA,2030-07-10
2,OP-2009,CONSUMO,53.0,Estoque MP,Linha SA,2030-07-10
14,OP-2009,CONSUMO,106.0,Estoque MP,Linha SA,2030-07-10
4,OP-2009,CONSUMO,530.0,Estoque MP,Linha SA,2030-07-10
5,OP-2009,CONSUMO,212.0,Estoque MP,Linha SA,2030-07-10
16,OP-2009,PRODUCAO,53.0,Linha SA,Estoque SA,2030-07-10
24,OP-2009,PRODUCAO,53.0,Linha SA,Estoque SA,2030-07-10
16,OP-2009,CONSUMO,53.0,Estoque SA,Linha PA,2030-07-10
24,OP-2009,CONSUMO,53.0,Estoque SA,Linha PA,2030-07-10
40,OP-2009,PRODUCAO,53.0,Linha PA,Estoque PA,2030-07-10
1,OP-2010,CONSUMO,0.0,Estoque MP,Linha SA,2030-07-10
3,OP-2010,CONSUMO,0.0,Estoque MP,Linha SA,2030-07-10
14,OP-2010,CONSUMO,0.0,Estoque MP,Linha SA,2030-07-10
13,OP-2010,CONSUMO,0.0,Estoque MP,Linha SA,2030-07-10
12,OP-2010,CONSUMO,0.0,Estoque MP,Linha SA,2030-07-10
17,OP-2010,CONSUMO,0.0,Estoque SA,Linha PA,2030-07-10
23,OP-2010,CONSUMO,0.0,Estoque SA,Linha PA,2030-07-10
41,OP-2010,PRODUCAO,0.0,Linha PA,Estoque PA,2030-07-10
1,OP-2011,CONSUMO,0.0,Estoque MP,Linha SA,2030-07-10
8,OP-2011,CONSUMO,0.0,Estoque MP,Linha SA,2030-07-10
6,OP-2011,CONSUMO,0.0,Estoque MP,Linha SA,2030-07-10
20,OP-2011,CONSUMO,0.0,Estoque MP,Linha SA,2030-07-10
21,OP-2011,CONSUMO,0.0,Estoque MP,Linha SA,2030-07-10
18,OP-2011,CONSUMO,0.0,Estoque SA,Linha PA,2030-07-10
30,OP-2011,CONSUMO,0.0,Estoque SA,Linha PA,2030-07-10
42,OP-2011,PRODUCAO,0.0,Linha PA,Estoque PA,2030-07-10
1,OP-2012,CONSUMO,0.0,Estoque MP,Linha SA,2030-07-10
2,OP-2012,CONSUMO,0.0,Estoque MP,Linha SA,2030-07-10
14,OP-2012,CONSUMO,0.0,Estoque MP,Linha SA,2030-07-10
6,OP-2012,CONSUMO,0.0,Estoque MP,Linha SA,2030-07-10
7,OP-2012,CONSUMO,0.0,Estoque MP,Linha SA,2030-07-10
16,OP-2012,CONSUMO,0.0,Estoque SA,Linha PA,2030-07-10
26,OP-2012,CONSUMO,0.0,Estoque SA,Linha PA,2030-07-10
43,OP-2012,PRODUCAO,0.0,Linha PA,Estoque PA,2030-07-10
1,OP-2013,CONSUMO,0.0,Estoque MP,Linha SA,2030-07-10
3,OP-2013,CONSUMO,0.0,Estoque MP,Linha SA,2030-07-10
14,OP-2013,CONSUMO,0.0,Estoque MP,Linha SA,2030-07-10
5,OP-2013,CONSUMO,0.0,Estoque MP,Linha SA,2030-07-10
4,OP-2013,CONSUMO,0.0,Estoque MP,Linha SA,2030-07-10
17,OP-2013,CONSUMO,0.0,Estoque SA,Linha PA,2030-07-10
29,OP-2013,CONSUMO,0.0,Estoque SA,Linha PA,2030-07-10
44,OP-2013,PRODUCAO,0.0,Linha PA,Estoque PA,2030-07-10
1,OP-2014,CONSUMO,0.0,Estoque MP,Linha SA,2030-07-10
2,OP-2014,CONSUMO,0.0,Estoque MP,Linha SA,2030-07-10
14,OP-2014,CONSUMO,0.0,Estoque MP,Linha SA,2030-07-10
13,OP-2014,CONSUMO,0.0,Estoque MP,Linha SA,2030-07-10
12,OP-2014,CONSUMO,0.0,Estoque MP,Linha SA,2030-07-10
16,OP-2014,CONSUMO,0.0,Estoque SA,Linha PA,2030-07-10
22,OP-2014,CONSUMO,0.0,Estoque SA,Linha PA,2030-07-10
45,OP-2014,PRODUCAO,0.0,Linha PA,Estoque PA,2030-07-10
1,OP-2000,CONSUMO,226.0,Estoque MP,Linha SA,2030-08-10
2,OP-2000,CONSUMO,226.0,Estoque MP,Linha SA,2030-08-10
14,OP-2000,CONSUMO,678.0,Estoque MP,Linha SA,2030-08-10
13,OP-2000,CONSUMO,904.0,Estoque MP,Linha SA,2030-08-10
12,OP-2000,CONSUMO,904.0,Estoque MP,Linha SA,2030-08-10
4,OP-2000,CONSUMO,2260.0,Estoque MP,Linha SA,2030-08-10
5,OP-2000,CONSUMO,904.0,Estoque MP,Linha SA,2030-08-10
16,OP-2000,PRODUCAO,226.0,Linha SA,Estoque SA,2030-08-10
22,OP-2000,PRODUCAO,226.0,Linha SA,Estoque SA,2030-08-10
24,OP-2000,PRODUCAO,226.0,Linha SA,Estoque SA,2030-08-10
25,OP-2000,PRODUCAO,226.0,Linha SA,Estoque SA,2030-08-10
16,OP-2000,CONSUMO,232.0,Estoque SA,Linha PA,2030-08-10
22,OP-2000,CONSUMO,232.0,Estoque SA,Linha PA,2030-08-10
24,OP-2000,CONSUMO,232.0,Estoque SA,Linha PA,2030-08-10
25,OP-2000,CONSUMO,232.0,Estoque SA,Linha PA,2030-08-10
31,OP-2000,PRODUCAO,232.0,Linha PA,Estoque PA,2030-08-10
1,OP-2001,CONSUMO,244.0,Estoque MP,Linha SA,2030-08-10
3,OP-2001,CONSUMO,244.0,Estoque MP,Linha SA,2030-08-10
14,OP-2001,CONSUMO,244.0,Estoque MP,Linha SA,2030-08-10
13,OP-2001,CONSUMO,488.0,Estoque MP,Linha SA,2030-08-10
12,OP-2001,CONSUMO,732.0,Estoque MP,Linha SA,2030-08-10
5,OP-2001,CONSUMO,732.0,Estoque MP,Linha SA,2030-08-10
4,OP-2001,CONSUMO,488.0,Estoque MP,Linha SA,2030-08-10
17,OP-2001,PRODUCAO,244.0,Linha SA,Estoque SA,2030-08-10
23,OP-2001,PRODUCAO,244.0,Linha SA,Estoque SA,2030-08-10
29,OP-2001,PRODUCAO,244.0,Linha SA,Estoque SA,2030-08-10
17,OP-2001,CONSUMO,244.0,Estoque SA,Linha PA,2030-08-10
23,OP-2001,CONSUMO,244.0,Estoque SA,Linha PA,2030-08-10
29,OP-2001,CONSUMO,244.0,Estoque SA,Linha PA,2030-08-10
32,OP-2001,PRODUCAO,244.0,Linha PA,Estoque PA,2030-08-10
1,OP-2002,CONSUMO,0.0,Estoque MP,Linha SA,2030-08-10
8,OP-2002,CONSUMO,0.0,Estoque MP,Linha SA,2030-08-10
6,OP-2002,CONSUMO,0.0,Estoque MP,Linha SA,2030-08-10
5,OP-2002,CONSUMO,0.0,Estoque MP,Linha SA,2030-08-10
20,OP-2002,CONSUMO,0.0,Estoque MP,Linha SA,2030-08-10
21,OP-2002,CONSUMO,0.0,Estoque MP,Linha SA,2030-08-10
18,OP-2002,CONSUMO,0.0,Estoque SA,Linha PA,2030-08-10
27,OP-2002,CONSUMO,0.0,Estoque SA,Linha PA,2030-08-10
30,OP-2002,CONSUMO,0.0,Estoque SA,Linha PA,2030-08-10
33,OP-2002,PRODUCAO,0.0,Linha PA,Estoque PA,2030-08-10
1,OP-2003,CONSUMO,151.0,Estoque MP,Linha SA,2030-08-10
2,OP-2003,CONSUMO,151.0,Estoque MP,Linha SA,2030-08-10
14,OP-2003,CONSUMO,453.0,Estoque MP,Linha SA,2030-08-10
4,OP-2003,CONSUMO,1510.0,Estoque MP,Linha SA,2030-08-10
5,OP-2003,CONSUMO,604.0,Estoque MP,Linha SA,2030-08-10
13,OP-2003,CONSUMO,151.0,Estoque MP,Linha SA,2030-08-10
16,OP-2003,PRODUCAO,151.0,Linha SA,Estoque SA,2030-08-10
24,OP-2003,PRODUCAO,151.0,Linha SA,Estoque SA,2030-08-10
25,OP-2003,PRODUCAO,151.0,Linha SA,Estoque SA,2030-08-10
16,OP-2003,CONSUMO,151.0,Estoque SA,Linha PA,2030-08-10
24,OP-2003,CONSUMO,151.0,Estoque SA,Linha PA,2030-08-10
25,OP-2003,CONSUMO,151.0,Estoque SA,Linha PA,2030-08-10
34,OP-2003,PRODUCAO,151.0,Linha PA,Estoque PA,2030-08-10
1,OP-2004,CONSUMO,1.0,Estoque MP,Linha SA,2030-08-10
3,OP-2004,CONSUMO,1.0,Estoque MP,Linha SA,2030-08-10
14,OP-2004,CONSUMO,1.0,Estoque MP,Linha SA,2030-08-10
13,OP-2004,CONSUMO,2.0,Estoque MP,Linha SA,2030-08-10
12,OP-2004,CONSUMO,3.0,Estoque MP,Linha SA,2030-08-10
17,OP-2004,PRODUCAO,1.0,Linha SA,Estoque SA,2030-08-10
23,OP-2004,PRODUCAO,1.0,Linha SA,Estoque SA,2030-08-10
17,OP-2004,CONSUMO,1.0,Estoque SA,Linha PA,2030-08-10
23,OP-2004,CONSUMO,1.0,Estoque SA,Linha PA,2030-08-10
35,OP-2004,PRODUCAO,1.0,Linha PA,Estoque PA,2030-08-10
1,OP-2005,CONSUMO,298.0,Estoque MP,Linha SA,2030-08-10
8,OP-2005,CONSUMO,298.0,Estoque MP,Linha SA,2030-08-10
6,OP-2005,CONSUMO,2384.0,Estoque MP,Linha SA,2030-08-10
7,OP-2005,CONSUMO,298.0,Estoque MP,Linha SA,2030-08-10
18,OP-2005,PRODUCAO,298.0,Linha SA,Estoque SA,2030-08-10
26,OP-2005,PRODUCAO,298.0,Linha SA,Estoque SA,2030-08-10
18,OP-2005,CONSUMO,298.0,Estoque SA,Linha PA,2030-08-10
26,OP-2005,CONSUMO,298.0,Estoque SA,Linha PA,2030-08-10
36,OP-2005,PRODUCAO,298.0,Linha PA,Estoque PA,2030-08-10
1,OP-2006,CONSUMO,0.0,Estoque MP,Linha SA,2030-08-10
2,OP-2006,CONSUMO,0.0,Estoque MP,Linha SA,2030-08-10
14,OP-2006,CONSUMO,0.0,Estoque MP,Linha SA,2030-08-10
13,OP-2006,CONSUMO,0.0,Estoque MP,Linha SA,2030-08-10
12,OP-2006,CONSUMO,0.0,Estoque MP,Linha SA,2030-08-10
16,OP-2006,CONSUMO,0.0,Estoque SA,Linha PA,2030-08-10
22,OP-2006,CONSUMO,0.0,Estoque SA,Linha PA,2030-08-10
37,OP-2006,PRODUCAO,0.0,Linha PA,Estoque PA,2030-08-10
1,OP-2007,CONSUMO,0.0,Estoque MP,Linha SA,2030-08-10
3,OP-2007,CONSUMO,0.0,Estoque MP,Linha SA,2030-08-10
14,OP-2007,CONSUMO,0.0,Estoque MP,Linha SA,2030-08-10
6,OP-2007,CONSUMO,0.0,Estoque MP,Linha SA,2030-08-10
7,OP-2007,CONSUMO,0.0,Estoque MP,Linha SA,2030-08-10
17,OP-2007,CONSUMO,0.0,Estoque SA,Linha PA,2030-08-10
26,OP-2007,CONSUMO,0.0,Estoque SA,Linha PA,2030-08-10
38,OP-2007,PRODUCAO,0.0,Linha PA,Estoque PA,2030-08-10
1,OP-2008,CONSUMO,0.0,Estoque MP,Linha SA,2030-08-10
8,OP-2008,CONSUMO,0.0,Estoque MP,Linha SA,2030-08-10
6,OP-2008,CONSUMO,0.0,Estoque MP,Linha SA,2030-08-10
20,OP-2008,CONSUMO,0.0,Estoque MP,Linha SA,2030-08-10
21,OP-2008,CONSUMO,0.0,Estoque MP,Linha SA,2030-08-10
18,OP-2008,CONSUMO,0.0,Estoque SA,Linha PA,2030-08-10
30,OP-2008,CONSUMO,0.0,Estoque SA,Linha PA,2030-08-10
39,OP-2008,PRODUCAO,0.0,Linha PA,Estoque PA,2030-08-10
1,OP-2009,CONSUMO,0.0,Estoque MP,Linha SA,2030-08-10
2,OP-2009,CONSUMO,0.0,Estoque MP,Linha SA,2030-08-10
14,OP-2009,CONSUMO,0.0,Estoque MP,Linha SA,2030-08-10
4,OP-2009,CONSUMO,0.0,Estoque MP,Linha SA,2030-08-10
5,OP-2009,CONSUMO,0.0,Estoque MP,Linha SA,2030-08-10
16,OP-2009,CONSUMO,0.0,Estoque SA,Linha PA,2030-08-10
24,OP-2009,CONSUMO,0.0,Estoque SA,Linha PA,2030-08-10
40,OP-2009,PRODUCAO,0.0,Linha PA,Estoque PA,2030-08-10
1,OP-2010,CONSUMO,0.0,Estoque MP,Linha SA,2030-08-10
3,OP-2010,CONSUMO,0.0,Estoque MP,Linha SA,2030-08-10
14,OP-2010,CONSUMO,0.0,Estoque MP,Linha SA,2030-08-10
13,OP-2010,CONSUMO,0.0,Estoque MP,Linha SA,2030-08-10
12,OP-2010,CONSUMO,0.0,Estoque MP,Linha SA,2030-08-10
17,OP-2010,CONSUMO,0.0,Estoque SA,Linha PA,2030-08-10
23,OP-2010,CONSUMO,0.0,Estoque SA,Linha PA,2030-08-10
41,OP-2010,PRODUCAO,0.0,Linha PA,Estoque PA,2030-08-10
1,OP-2011,CONSUMO,0.0,Estoque MP,Linha SA,2030-08-10
8,OP-2011,CONSUMO,0.0,Estoque MP,Linha SA,2030-08-10
6,OP-2011,CONSUMO,0.0,Estoque MP,Linha SA,2030-08-10
20,OP-2011,CONSUMO,0.0,Estoque MP,Linha SA,2030-08-10
21,OP-2011,CONSUMO,0.0,Estoque MP,Linha SA,2030-08-10
18,OP-2011,CONSUMO,0.0,Estoque SA,Linha PA,2030-08-10
30,OP-2011,CONSUMO,0.0,Estoque SA,Linha PA,2030-08-10
42,OP-2011,PRODUCAO,0.0,Linha PA,Estoque PA,2030-08-10
1,OP-2012,CONSUMO,0.0,Estoque MP,Linha SA,2030-08-10
2,OP-2012,CONSUMO,0.0,Estoque MP,Linha SA,2030-08-10
14,OP-2012,CONSUMO,0.0,Estoque MP,Linha SA,2030-08-10
6,OP-2012,CONSUMO,0.0,Estoque MP,Linha SA,2030-08-10
7,OP-2012,CONSUMO,0.0,Estoque MP,Linha SA,2030-08-10
16,OP-2012,CONSUMO,0.0,Estoque SA,Linha PA,2030-08-10
26,OP-2012,CONSUMO,0.0,Estoque SA,Linha PA,2030-08-10
43,OP-2012,PRODUCAO,0.0,Linha PA,Estoque PA,2030-08-10
1,OP-2013,CONSUMO,0.0,Estoque MP,Linha SA,2030-08-10
3,OP-2013,CONSUMO,0.0,Estoque MP,Linha SA,2030-08-10
14,OP-2013,CONSUMO,0.0,Estoque MP,Linha SA,2030-08-10
5,OP-2013,CONSUMO,0.0,Estoque MP,Linha SA,2030-08-10
4,OP-2013,CONSUMO,0.0,Estoque MP,Linha SA,2030-08-10
17,OP-2013,CONSUMO,0.0,Estoque SA,Linha PA,2030-08-10
29,OP-2013,CONSUMO,0.0,Estoque SA,Linha PA,2030-08-10
44,OP-2013,PRODUCAO,0.0,Linha PA,Estoque PA,2030-08-10
1,OP-2014,CONSUMO,0.0,Estoque MP,Linha SA,2030-08-10
2,OP-2014,CONSUMO,0.0,Estoque MP,Linha SA,2030-08-10
14,OP-2014,CONSUMO,0.0,Estoque MP,Linha SA,2030-08-10
13,OP-2014,CONSUMO,0.0,Estoque MP,Linha SA,2030-08-10
12,OP-2014,CONSUMO,0.0,Estoque MP,Linha SA,2030-08-10
16,OP-2014,CONSUMO,0.0,Estoque SA,Linha PA,2030-08-10
22,OP-2014,CONSUMO,0.0,Estoque SA,Linha PA,2030-08-10
45,OP-2014,PRODUCAO,0.0,Linha PA,Estoque PA,2030-08-10
1,OP-2000,CONSUMO,249.0,Estoque MP,Linha SA,2030-09-10
2,OP-2000,CONSUMO,249.0,Estoque MP,Linha SA,2030-09-10
14,OP-2000,CONSUMO,747.0,Estoque MP,Linha SA,2030-09-10
13,OP-2000,CONSUMO,996.0,Estoque MP,Linha SA,2030-09-10
12,OP-2000,CONSUMO,996.0,Estoque MP,Linha SA,2030-09-10
4,OP-2000,CONSUMO,2490.0,Estoque MP,Linha SA,2030-09-10
5,OP-2000,CONSUMO,996.0,Estoque MP,Linha SA,2030-09-10
16,OP-2000,PRODUCAO,249.0,Linha SA,Estoque SA,2030-09-10
22,OP-2000,PRODUCAO,249.0,Linha SA,Estoque SA,2030-09-10
24,OP-2000,PRODUCAO,249.0,Linha SA,Estoque SA,2030-09-10
25,OP-2000,PRODUCAO,249.0,Linha SA,Estoque SA,2030-09-10
16,OP-2000,CONSUMO,249.0,Estoque SA,Linha PA,2030-09-10
22,OP-2000,CONSUMO,249.0,Estoque SA,Linha PA,2030-09-10
24,OP-2000,CONSUMO,249.0,Estoque SA,Linha PA,2030-09-10
25,OP-2000,CONSUMO,249.0,Estoque SA,Linha PA,2030-09-10
31,OP-2000,PRODUCAO,249.0,Linha PA,Estoque PA,2030-09-10
1,OP-2001,CONSUMO,284.0,Estoque MP,Linha SA,2030-09-10
3,OP-2001,CONSUMO,284.0,Estoque MP,Linha SA,2030-09-10
14,OP-2001,CONSUMO,284.0,Estoque MP,Linha SA,2030-09-10
13,OP-2001,CONSUMO,568.0,Estoque MP,Linha SA,2030-09-10
12,OP-2001,CONSUMO,852.0,Estoque MP,Linha SA,2030-09-10
5,OP-2001,CONSUMO,852.0,Estoque MP,Linha SA,2030-09-10
4,OP-2001,CONSUMO,568.0,Estoque MP,Linha SA,2030-09-10
17,OP-2001,PRODUCAO,284.0,Linha SA,Estoque SA,2030-09-10
23,OP-2001,PRODUCAO,284.0,Linha SA,Estoque SA,2030-09-10
29,OP-2001,PRODUCAO,284.0,Linha SA,Estoque SA,2030-09-10
17,OP-2001,CONSUMO,284.0,Estoque SA,Linha PA,2030-09-10
23,OP-2001,CONSUMO,284.0,Estoque SA,Linha PA,2030-09-10
29,OP-2001,CONSUMO,284.0,Estoque SA,Linha PA,2030-09-10
32,OP-2001,PRODUCAO,284.0,Linha PA,Estoque PA,2030-09-10
1,OP-2002,CONSUMO,0.0,Estoque MP,Linha SA,2030-09-10
8,OP-2002,CONSUMO,0.0,Estoque MP,Linha SA,2030-09-10
6,OP-2002,CONSUMO,0.0,Estoque MP,Linha SA,2030-09-10
5,OP-2002,CONSUMO,0.0,Estoque MP,Linha SA,2030-09-10
20,OP-2002,CONSUMO,0.0,Estoque MP,Linha SA,2030-09-10
21,OP-2002,CONSUMO,0.0,Estoque MP,Linha SA,2030-09-10
18,OP-2002,CONSUMO,0.0,Estoque SA,Linha PA,2030-09-10
27,OP-2002,CONSUMO,0.0,Estoque SA,Linha PA,2030-09-10
30,OP-2002,CONSUMO,0.0,Estoque SA,Linha PA,2030-09-10
33,OP-2002,PRODUCAO,0.0,Linha PA,Estoque PA,2030-09-10
1,OP-2003,CONSUMO,0.0,Estoque MP,Linha SA,2030-09-10
2,OP-2003,CONSUMO,0.0,Estoque MP,Linha SA,2030-09-10
14,OP-2003,CONSUMO,0.0,Estoque MP,Linha SA,2030-09-10
4,OP-2003,CONSUMO,0.0,Estoque MP,Linha SA,2030-09-10
5,OP-2003,CONSUMO,0.0,Estoque MP,Linha SA,2030-09-10
13,OP-2003,CONSUMO,0.0,Estoque MP,Linha SA,2030-09-10
16,OP-2003,CONSUMO,0.0,Estoque SA,Linha PA,2030-09-10
24,OP-2003,CONSUMO,0.0,Estoque SA,Linha PA,2030-09-10
25,OP-2003,CONSUMO,0.0,Estoque SA,Linha PA,2030-09-10
34,OP-2003,PRODUCAO,0.0,Linha PA,Estoque PA,2030-09-10
1,OP-2004,CONSUMO,0.0,Estoque MP,Linha SA,2030-09-10
3,OP-2004,CONSUMO,0.0,Estoque MP,Linha SA,2030-09-10
14,OP-2004,CONSUMO,0.0,Estoque MP,Linha SA,2030-09-10
13,OP-2004,CONSUMO,0.0,Estoque MP,Linha SA,2030-09-10
12,OP-2004,CONSUMO,0.0,Estoque MP,Linha SA,2030-09-10
17,OP-2004,CONSUMO,0.0,Estoque SA,Linha PA,2030-09-10
23,OP-2004,CONSUMO,0.0,Estoque SA,Linha PA,2030-09-10
35,OP-2004,PRODUCAO,0.0,Linha PA,Estoque PA,2030-09-10
1,OP-2005,CONSUMO,259.0,Estoque MP,Linha SA,2030-09-10
8,OP-2005,CONSUMO,259.0,Estoque MP,Linha SA,2030-09-10
6,OP-2005,CONSUMO,2072.0,Estoque MP,Linha SA,2030-09-10
7,OP-2005,CONSUMO,259.0,Estoque MP,Linha SA,2030-09-10
18,OP-2005,PRODUCAO,259.0,Linha SA,Estoque SA,2030-09-10
26,OP-2005,PRODUCAO,259.0,Linha SA,Estoque SA,2030-09-10
18,OP-2005,CONSUMO,259.0,Estoque SA,Linha PA,2030-09-10
26,OP-2005,CONSUMO,259.0,Estoque SA,Linha PA,2030-09-10
36,OP-2005,PRODUCAO,259.0,Linha PA,Estoque PA,2030-09-10
1,OP-2006,CONSUMO,0.0,Estoque MP,Linha SA,2030-09-10
2,OP-2006,CONSUMO,0.0,Estoque MP,Linha SA,2030-09-10
14,OP-2006,CONSUMO,0.0,Estoque MP,Linha SA,2030-09-10
13,OP-2006,CONSUMO,0.0,Estoque MP,Linha SA,2030-09-10
12,OP-2006,CONSUMO,0.0,Estoque MP,Linha SA,2030-09-10
16,OP-2006,CONSUMO,0.0,Estoque SA,Linha PA,2030-09-10
22,OP-2006,CONSUMO,0.0,Estoque SA,Linha PA,2030-09-10
37,OP-2006,PRODUCAO,0.0,Linha PA,Estoque PA,2030-09-10
1,OP-2007,CONSUMO,0.0,Estoque MP,Linha SA,2030-09-10
3,OP-2007,CONSUMO,0.0,Estoque MP,Linha SA,2030-09-10
14,OP-2007,CONSUMO,0.0,Estoque MP,Linha SA,2030-09-10
6,OP-2007,CONSUMO,0.0,Estoque MP,Linha SA,2030-09-10
7,OP-2007,CONSUMO,0.0,Estoque MP,Linha SA,2030-09-10
17,OP-2007,CONSUMO,0.0,Estoque SA,Linha PA,2030-09-10
26,OP-2007,CONSUMO,0.0,Estoque SA,Linha PA,2030-09-10
38,OP-2007,PRODUCAO,0.0,Linha PA,Estoque PA,2030-09-10
1,OP-2008,CONSUMO,0.0,Estoque MP,Linha SA,2030-09-10
8,OP-2008,CONSUMO,0.0,Estoque MP,Linha SA,2030-09-10
6,OP-2008,CONSUMO,0.0,Estoque MP,Linha SA,2030-09-10
20,OP-2008,CONSUMO,0.0,Estoque MP,Linha SA,2030-09-10
21,OP-2008,CONSUMO,0.0,Estoque MP,Linha SA,2030-09-10
18,OP-2008,CONSUMO,0.0,Estoque SA,Linha PA,2030-09-10
30,OP-2008,CONSUMO,0.0,Estoque SA,Linha PA,2030-09-10
39,OP-2008,PRODUCAO,0.0,Linha PA,Estoque PA,2030-09-10
1,OP-2009,CONSUMO,162.0,Estoque MP,Linha SA,2030-09-10
2,OP-2009,CONSUMO,162.0,Estoque MP,Linha SA,2030-09-10
14,OP-2009,CONSUMO,324.0,Estoque MP,Linha SA,2030-09-10
4,OP-2009,CONSUMO,1620.0,Estoque MP,Linha SA,2030-09-10
5,OP-2009,CONSUMO,648.0,Estoque MP,Linha SA,2030-09-10
16,OP-2009,PRODUCAO,162.0,Linha SA,Estoque SA,2030-09-10
24,OP-2009,PRODUCAO,162.0,Linha SA,Estoque SA,2030-09-10
16,OP-2009,CONSUMO,162.0,Estoque SA,Linha PA,2030-09-10
24,OP-2009,CONSUMO,162.0,Estoque SA,Linha PA,2030-09-10
40,OP-2009,PRODUCAO,162.0,Linha PA,Estoque PA,2030-09-10
1,OP-2010,CONSUMO,0.0,Estoque MP,Linha SA,2030-09-10
3,OP-2010,CONSUMO,0.0,Estoque MP,Linha SA,2030-09-10
14,OP-2010,CONSUMO,0.0,Estoque MP,Linha SA,2030-09-10
13,OP-2010,CONSUMO,0.0,Estoque MP,Linha SA,2030-09-10
12,OP-2010,CONSUMO,0.0,Estoque MP,Linha SA,2030-09-10
17,OP-2010,CONSUMO,0.0,Estoque SA,Linha PA,2030-09-10
23,OP-2010,CONSUMO,0.0,Estoque SA,Linha PA,2030-09-10
41,OP-2010,PRODUCAO,0.0,Linha PA,Estoque PA,2030-09-10
1,OP-2011,CONSUMO,0.0,Estoque MP,Linha SA,2030-09-10
8,OP-2011,CONSUMO,0.0,Estoque MP,Linha SA,2030-09-10
6,OP-2011,CONSUMO,0.0,Estoque MP,Linha SA,2030-09-10
20,OP-2011,CONSUMO,0.0,Estoque MP,Linha SA,2030-09-10
21,OP-2011,CONSUMO,0.0,Estoque MP,Linha SA,2030-09-10
18,OP-2011,CONSUMO,0.0,Estoque SA,Linha PA,2030-09-10
30,OP-2011,CONSUMO,0.0,Estoque SA,Linha PA,2030-09-10
42,OP-2011,PRODUCAO,0.0,Linha PA,Estoque PA,2030-09-10
1,OP-2012,CONSUMO,0.0,Estoque MP,Linha SA,2030-09-10
2,OP-2012,CONSUMO,0.0,Estoque MP,Linha SA,2030-09-10
14,OP-2012,CONSUMO,0.0,Estoque MP,Linha SA,2030-09-10
6,OP-2012,CONSUMO,0.0,Estoque MP,Linha SA,2030-09-10
7,OP-2012,CONSUMO,0.0,Estoque MP,Linha SA,2030-09-10
16,OP-2012,CONSUMO,0.0,Estoque SA,Linha PA,2030-09-10
26,OP-2012,CONSUMO,0.0,Estoque SA,Linha PA,2030-09-10
43,OP-2012,PRODUCAO,0.0,Linha PA,Estoque PA,2030-09-10
1,OP-2013,CONSUMO,0.0,Estoque MP,Linha SA,2030-09-10
3,OP-2013,CONSUMO,0.0,Estoque MP,Linha SA,2030-09-10
14,OP-2013,CONSUMO,0.0,Estoque MP,Linha SA,2030-09-10
5,OP-2013,CONSUMO,0.0,Estoque MP,Linha SA,2030-09-10
4,OP-2013,CONSUMO,0.0,Estoque MP,Linha SA,2030-09-10
17,OP-2013,CONSUMO,0.0,Estoque SA,Linha PA,2030-09-10
29,OP-2013,CONSUMO,0.0,Estoque SA,Linha PA,2030-09-10
44,OP-2013,PRODUCAO,0.0,Linha PA,Estoque PA,2030-09-10
1,OP-2014,CONSUMO,0.0,Estoque MP,Linha SA,2030-09-10
2,OP-2014,CONSUMO,0.0,Estoque MP,Linha SA,2030-09-10
14,OP-2014,CONSUMO,0.0,Estoque MP,Linha SA,2030-09-10
13,OP-2014,CONSUMO,0.0,Estoque MP,Linha SA,2030-09-10
12,OP-2014,CONSUMO,0.0,Estoque MP,Linha SA,2030-09-10
16,OP-2014,CONSUMO,0.0,Estoque SA,Linha PA,2030-09-10
22,OP-2014,CONSUMO,0.0,Estoque SA,Linha PA,2030-09-10
45,OP-2014,PRODUCAO,0.0,Linha PA,Estoque PA,2030-09-10
1,OP-2000,CONSUMO,200.0,Estoque MP,Linha SA,2030-10-10
2,OP-2000,CONSUMO,200.0,Estoque MP,Linha SA,2030-10-10
14,OP-2000,CONSUMO,600.0,Estoque MP,Linha SA,2030-10-10
13,OP-2000,CONSUMO,800.0,Estoque MP,Linha SA,2030-10-10
12,OP-2000,CONSUMO,800.0,Estoque MP,Linha SA,2030-10-10
4,OP-2000,CONSUMO,2000.0,Estoque MP,Linha SA,2030-10-10
5,OP-2000,CONSUMO,800.0,Estoque MP,Linha SA,2030-10-10
16,OP-2000,PRODUCAO,200.0,Linha SA,Estoque SA,2030-10-10
22,OP-2000,PRODUCAO,200.0,Linha SA,Estoque SA,2030-10-10
24,OP-2000,PRODUCAO,200.0,Linha SA,Estoque SA,2030-10-10
25,OP-2000,PRODUCAO,200.0,Linha SA,Estoque SA,2030-10-10
16,OP-2000,CONSUMO,199.0,Estoque SA,Linha PA,2030-10-10
22,OP-2000,CONSUMO,199.0,Estoque SA,Linha PA,2030-10-10
24,OP-2000,CONSUMO,199.0,Estoque SA,Linha PA,2030-10-10
25,OP-2000,CONSUMO,199.0,Estoque SA,Linha PA,2030-10-10
31,OP-2000,PRODUCAO,199.0,Linha PA,Estoque PA,2030-10-10
1,OP-2001,CONSUMO,242.0,Estoque MP,Linha SA,2030-10-10
3,OP-2001,CONSUMO,242.0,Estoque MP,Linha SA,2030-10-10
14,OP-2001,CONSUMO,242.0,Estoque MP,Linha SA,2030-10-10
13,OP-2001,CONSUMO,484.0,Estoque MP,Linha SA,2030-10-10
12,OP-2001,CONSUMO,726.0,Estoque MP,Linha SA,2030-10-10
5,OP-2001,CONSUMO,726.0,Estoque MP,Linha SA,2030-10-10
4,OP-2001,CONSUMO,484.0,Estoque MP,Linha SA,2030-10-10
17,OP-2001,PRODUCAO,242.0,Linha SA,Estoque SA,2030-10-10
23,OP-2001,PRODUCAO,242.0,Linha SA,Estoque SA,2030-10-10
29,OP-2001,PRODUCAO,242.0,Linha SA,Estoque SA,2030-10-10
17,OP-2001,CONSUMO,242.0,Estoque SA,Linha PA,2030-10-10
23,OP-2001,CONSUMO,242.0,Estoque SA,Linha PA,2030-10-10
29,OP-2001,CONSUMO,242.0,Estoque SA,Linha PA,2030-10-10
32,OP-2001,PRODUCAO,242.0,Linha PA,Estoque PA,2030-10-10
1,OP-2002,CONSUMO,0.0,Estoque MP,Linha SA,2030-10-10
8,OP-2002,CONSUMO,0.0,Estoque MP,Linha SA,2030-10-10
6,OP-2002,CONSUMO,0.0,Estoque MP,Linha SA,2030-10-10
5,OP-2002,CONSUMO,0.0,Estoque MP,Linha SA,2030-10-10
20,OP-2002,CONSUMO,0.0,Estoque MP,Linha SA,2030-10-10
21,OP-2002,CONSUMO,0.0,Estoque MP,Linha SA,2030-10-10
18,OP-2002,CONSUMO,0.0,Estoque SA,Linha PA,2030-10-10
27,OP-2002,CONSUMO,0.0,Estoque SA,Linha PA,2030-10-10
30,OP-2002,CONSUMO,0.0,Estoque SA,Linha PA,2030-10-10
33,OP-2002,PRODUCAO,0.0,Linha PA,Estoque PA,2030-10-10
1,OP-2003,CONSUMO,64.0,Estoque MP,Linha SA,2030-10-10
2,OP-2003,CONSUMO,64.0,Estoque MP,Linha SA,2030-10-10
14,OP-2003,CONSUMO,192.0,Estoque MP,Linha SA,2030-10-10
4,OP-2003,CONSUMO,640.0,Estoque MP,Linha SA,2030-10-10
5,OP-2003,CONSUMO,256.0,Estoque MP,Linha SA,2030-10-10
13,OP-2003,CONSUMO,64.0,Estoque MP,Linha SA,2030-10-10
16,OP-2003,PRODUCAO,64.0,Linha SA,Estoque SA,2030-10-10
24,OP-2003,PRODUCAO,64.0,Linha SA,Estoque SA,2030-10-10
25,OP-2003,PRODUCAO,64.0,Linha SA,Estoque SA,2030-10-10
16,OP-2003,CONSUMO,64.0,Estoque SA,Linha PA,2030-10-10
24,OP-2003,CONSUMO,64.0,Estoque SA,Linha PA,2030-10-10
25,OP-2003,CONSUMO,64.0,Estoque SA,Linha PA,2030-10-10
34,OP-2003,PRODUCAO,64.0,Linha PA,Estoque PA,2030-10-10
1,OP-2004,CONSUMO,1.0,Estoque MP,Linha SA,2030-10-10
3,OP-2004,CONSUMO,1.0,Estoque MP,Linha SA,2030-10-10
14,OP-2004,CONSUMO,1.0,Estoque MP,Linha SA,2030-10-10
13,OP-2004,CONSUMO,2.0,Estoque MP,Linha SA,2030-10-10
12,OP-2004,CONSUMO,3.0,Estoque MP,Linha SA,2030-10-10
17,OP-2004,PRODUCAO,1.0,Linha SA,Estoque SA,2030-10-10
23,OP-2004,PRODUCAO,1.0,Linha SA,Estoque SA,2030-10-10
17,OP-2004,CONSUMO,1.0,Estoque SA,Linha PA,2030-10-10
23,OP-2004,CONSUMO,1.0,Estoque SA,Linha PA,2030-10-10
35,OP-2004,PRODUCAO,1.0,Linha PA,Estoque PA,2030-10-10
1,OP-2005,CONSUMO,286.0,Estoque MP,Linha SA,2030-10-10
8,OP-2005,CONSUMO,286.0,Estoque MP,Linha SA,2030-10-10
6,OP-2005,CONSUMO,2288.0,Estoque MP,Linha SA,2030-10-10
7,OP-2005,CONSUMO,286.0,Estoque MP,Linha SA,2030-10-10
18,OP-2005,PRODUCAO,286.0,Linha SA,Estoque SA,2030-10-10
26,OP-2005,PRODUCAO,286.0,Linha SA,Estoque SA,2030-10-10
18,OP-2005,CONSUMO,286.0,Estoque SA,Linha PA,2030-10-10
26,OP-2005,CONSUMO,286.0,Estoque SA,Linha PA,2030-10-10
36,OP-2005,PRODUCAO,286.0,Linha PA,Estoque PA,2030-10-10
1,OP-2006,CONSUMO,0.0,Estoque MP,Linha SA,2030-10-10
2,OP-2006,CONSUMO,0.0,Estoque MP,Linha SA,2030-10-10
14,OP-2006,CONSUMO,0.0,Estoque MP,Linha SA,2030-10-10
13,OP-2006,CONSUMO,0.0,Estoque MP,Linha SA,2030-10-10
12,OP-2006,CONSUMO,0.0,Estoque MP,Linha SA,2030-10-10
16,OP-2006,CONSUMO,0.0,Estoque SA,Linha PA,2030-10-10
22,OP-2006,CONSUMO,0.0,Estoque SA,Linha PA,2030-10-10
37,OP-2006,PRODUCAO,0.0,Linha PA,Estoque PA,2030-10-10
1,OP-2007,CONSUMO,0.0,Estoque MP,Linha SA,2030-10-10
3,OP-2007,CONSUMO,0.0,Estoque MP,Linha SA,2030-10-10
14,OP-2007,CONSUMO,0.0,Estoque MP,Linha SA,2030-10-10
6,OP-2007,CONSUMO,0.0,Estoque MP,Linha SA,2030-10-10
7,OP-2007,CONSUMO,0.0,Estoque MP,Linha SA,2030-10-10
17,OP-2007,CONSUMO,0.0,Estoque SA,Linha PA,2030-10-10
26,OP-2007,CONSUMO,0.0,Estoque SA,Linha PA,2030-10-10
38,OP-2007,PRODUCAO,0.0,Linha PA,Estoque PA,2030-10-10
1,OP-2008,CONSUMO,0.0,Estoque MP,Linha SA,2030-10-10
8,OP-2008,CONSUMO,0.0,Estoque MP,Linha SA,2030-10-10
6,OP-2008,CONSUMO,0.0,Estoque MP,Linha SA,2030-10-10
20,OP-2008,CONSUMO,0.0,Estoque MP,Linha SA,2030-10-10
21,OP-2008,CONSUMO,0.0,Estoque MP,Linha SA,2030-10-10
18,OP-2008,CONSUMO,0.0,Estoque SA,Linha PA,2030-10-10
30,OP-2008,CONSUMO,0.0,Estoque SA,Linha PA,2030-10-10
39,OP-2008,PRODUCAO,0.0,Linha PA,Estoque PA,2030-10-10
1,OP-2009,CONSUMO,0.0,Estoque MP,Linha SA,2030-10-10
2,OP-2009,CONSUMO,0.0,Estoque MP,Linha SA,2030-10-10
14,OP-2009,CONSUMO,0.0,Estoque MP,Linha SA,2030-10-10
4,OP-2009,CONSUMO,0.0,Estoque MP,Linha SA,2030-10-10
5,OP-2009,CONSUMO,0.0,Estoque MP,Linha SA,2030-10-10
16,OP-2009,CONSUMO,0.0,Estoque SA,Linha PA,2030-10-10
24,OP-2009,CONSUMO,0.0,Estoque SA,Linha PA,2030-10-10
40,OP-2009,PRODUCAO,0.0,Linha PA,Estoque PA,2030-10-10
1,OP-2010,CONSUMO,0.0,Estoque MP,Linha SA,2030-10-10
3,OP-2010,CONSUMO,0.0,Estoque MP,Linha SA,2030-10-10
14,OP-2010,CONSUMO,0.0,Estoque MP,Linha SA,2030-10-10
13,OP-2010,CONSUMO,0.0,Estoque MP,Linha SA,2030-10-10
12,OP-2010,CONSUMO,0.0,Estoque MP,Linha SA,2030-10-10
17,OP-2010,CONSUMO,0.0,Estoque SA,Linha PA,2030-10-10
23,OP-2010,CONSUMO,0.0,Estoque SA,Linha PA,2030-10-10
41,OP-2010,PRODUCAO,0.0,Linha PA,Estoque PA,2030-10-10
1,OP-2011,CONSUMO,0.0,Estoque MP,Linha SA,2030-10-10
8,OP-2011,CONSUMO,0.0,Estoque MP,Linha SA,2030-10-10
6,OP-2011,CONSUMO,0.0,Estoque MP,Linha SA,2030-10-10
20,OP-2011,CONSUMO,0.0,Estoque MP,Linha SA,2030-10-10
21,OP-2011,CONSUMO,0.0,Estoque MP,Linha SA,2030-10-10
18,OP-2011,CONSUMO,0.0,Estoque SA,Linha PA,2030-10-10
30,OP-2011,CONSUMO,0.0,Estoque SA,Linha PA,2030-10-10
42,OP-2011,PRODUCAO,0.0,Linha PA,Estoque PA,2030-10-10
1,OP-2012,CONSUMO,0.0,Estoque MP,Linha SA,2030-10-10
2,OP-2012,CONSUMO,0.0,Estoque MP,Linha SA,2030-10-10
14,OP-2012,CONSUMO,0.0,Estoque MP,Linha SA,2030-10-10
6,OP-2012,CONSUMO,0.0,Estoque MP,Linha SA,2030-10-10
7,OP-2012,CONSUMO,0.0,Estoque MP,Linha SA,2030-10-10
16,OP-2012,CONSUMO,0.0,Estoque SA,Linha PA,2030-10-10
26,OP-2012,CONSUMO,0.0,Estoque SA,Linha PA,2030-10-10
43,OP-2012,PRODUCAO,0.0,Linha PA,Estoque PA,2030-10-10
1,OP-2013,CONSUMO,0.0,Estoque MP,Linha SA,2030-10-10
3,OP-2013,CONSUMO,0.0,Estoque MP,Linha SA,2030-10-10
14,OP-2013,CONSUMO,0.0,Estoque MP,Linha SA,2030-10-10
5,OP-2013,CONSUMO,0.0,Estoque MP,Linha SA,2030-10-10
4,OP-2013,CONSUMO,0.0,Estoque MP,Linha SA,2030-10-10
17,OP-2013,CONSUMO,0.0,Estoque SA,Linha PA,2030-10-10
29,OP-2013,CONSUMO,0.0,Estoque SA,Linha PA,2030-10-10
44,OP-2013,PRODUCAO,0.0,Linha PA,Estoque PA,2030-10-10
1,OP-2014,CONSUMO,0.0,Estoque MP,Linha SA,2030-10-10
2,OP-2014,CONSUMO,0.0,Estoque MP,Linha SA,2030-10-10
14,OP-2014,CONSUMO,0.0,Estoque MP,Linha SA,2030-10-10
13,OP-2014,CONSUMO,0.0,Estoque MP,Linha SA,2030-10-10
12,OP-2014,CONSUMO,0.0,Estoque MP,Linha SA,2030-10-10
16,OP-2014,CONSUMO,0.0,Estoque SA,Linha PA,2030-10-10
22,OP-2014,CONSUMO,0.0,Estoque SA,Linha PA,2030-10-10
45,OP-2014,PRODUCAO,0.0,Linha PA,Estoque PA,2030-10-10
1,OP-2000,CONSUMO,356.0,Estoque MP,Linha SA,2030-11-10
2,OP-2000,CONSUMO,356.0,Estoque MP,Linha SA,2030-11-10
14,OP-2000,CONSUMO,1068.0,Estoque MP,Linha SA,2030-11-10
13,OP-2000,CONSUMO,1424.0,Estoque MP,Linha SA,2030-11-10
12,OP-2000,CONSUMO,1424.0,Estoque MP,Linha SA,2030-11-10
4,OP-2000,CONSUMO,3560.0,Estoque MP,Linha SA,2030-11-10
5,OP-2000,CONSUMO,1424.0,Estoque MP,Linha SA,2030-11-10
16,OP-2000,PRODUCAO,356.0,Linha SA,Estoque SA,2030-11-10
22,OP-2000,PRODUCAO,356.0,Linha SA,Estoque SA,2030-11-10
24,OP-2000,PRODUCAO,356.0,Linha SA,Estoque SA,2030-11-10
25,OP-2000,PRODUCAO,356.0,Linha SA,Estoque SA,2030-11-10
16,OP-2000,CONSUMO,357.0,Estoque SA,Linha PA,2030-11-10
22,OP-2000,CONSUMO,357.0,Estoque SA,Linha PA,2030-11-10
24,OP-2000,CONSUMO,357.0,Estoque SA,Linha PA,2030-11-10
25,OP-2000,CONSUMO,357.0,Estoque SA,Linha PA,2030-11-10
31,OP-2000,PRODUCAO,357.0,Linha PA,Estoque PA,2030-11-10
1,OP-2001,CONSUMO,364.0,Estoque MP,Linha SA,2030-11-10
3,OP-2001,CONSUMO,364.0,Estoque MP,Linha SA,2030-11-10
14,OP-2001,CONSUMO,364.0,Estoque MP,Linha SA,2030-11-10
13,OP-2001,CONSUMO,728.0,Estoque MP,Linha SA,2030-11-10
12,OP-2001,CONSUMO,1092.0,Estoque MP,Linha SA,2030-11-10
5,OP-2001,CONSUMO,1092.0,Estoque MP,Linha SA,2030-11-10
4,OP-2001,CONSUMO,728.0,Estoque MP,Linha SA,2030-11-10
17,OP-2001,PRODUCAO,364.0,Linha SA,Estoque SA,2030-11-10
23,OP-2001,PRODUCAO,364.0,Linha SA,Estoque SA,2030-11-10
29,OP-2001,PRODUCAO,364.0,Linha SA,Estoque SA,2030-11-10
17,OP-2001,CONSUMO,364.0,Estoque SA,Linha PA,2030-11-10
23,OP-2001,CONSUMO,364.0,Estoque SA,Linha PA,2030-11-10
29,OP-2001,CONSUMO,364.0,Estoque SA,Linha PA,2030-11-10
32,OP-2001,PRODUCAO,364.0,Linha PA,Estoque PA,2030-11-10
1,OP-2002,CONSUMO,0.0,Estoque MP,Linha SA,2030-11-10
8,OP-2002,CONSUMO,0.0,Estoque MP,Linha SA,2030-11-10
6,OP-2002,CONSUMO,0.0,Estoque MP,Linha SA,2030-11-10
5,OP-2002,CONSUMO,0.0,Estoque MP,Linha SA,2030-11-10
20,OP-2002,CONSUMO,0.0,Estoque MP,Linha SA,2030-11-10
21,OP-2002,CONSUMO,0.0,Estoque MP,Linha SA,2030-11-10
18,OP-2002,CONSUMO,0.0,Estoque SA,Linha PA,2030-11-10
27,OP-2002,CONSUMO,0.0,Estoque SA,Linha PA,2030-11-10
30,OP-2002,CONSUMO,0.0,Estoque SA,Linha PA,2030-11-10
33,OP-2002,PRODUCAO,0.0,Linha PA,Estoque PA,2030-11-10
1,OP-2003,CONSUMO,0.0,Estoque MP,Linha SA,2030-11-10
2,OP-2003,CONSUMO,0.0,Estoque MP,Linha SA,2030-11-10
14,OP-2003,CONSUMO,0.0,Estoque MP,Linha SA,2030-11-10
4,OP-2003,CONSUMO,0.0,Estoque MP,Linha SA,2030-11-10
5,OP-2003,CONSUMO,0.0,Estoque MP,Linha SA,2030-11-10
13,OP-2003,CONSUMO,0.0,Estoque MP,Linha SA,2030-11-10
16,OP-2003,CONSUMO,0.0,Estoque SA,Linha PA,2030-11-10
24,OP-2003,CONSUMO,0.0,Estoque SA,Linha PA,2030-11-10
25,OP-2003,CONSUMO,0.0,Estoque SA,Linha PA,2030-11-10
34,OP-2003,PRODUCAO,0.0,Linha PA,Estoque PA,2030-11-10
1,OP-2004,CONSUMO,0.0,Estoque MP,Linha SA,2030-11-10
3,OP-2004,CONSUMO,0.0,Estoque MP,Linha SA,2030-11-10
14,OP-2004,CONSUMO,0.0,Estoque MP,Linha SA,2030-11-10
13,OP-2004,CONSUMO,0.0,Estoque MP,Linha SA,2030-11-10
12,OP-2004,CONSUMO,0.0,Estoque MP,Linha SA,2030-11-10
17,OP-2004,CONSUMO,0.0,Estoque SA,Linha PA,2030-11-10
23,OP-2004,CONSUMO,0.0,Estoque SA,Linha PA,2030-11-10
35,OP-2004,PRODUCAO,0.0,Linha PA,Estoque PA,2030-11-10
1,OP-2005,CONSUMO,377.0,Estoque MP,Linha SA,2030-11-10
8,OP-2005,CONSUMO,377.0,Estoque MP,Linha SA,2030-11-10
6,OP-2005,CONSUMO,3016.0,Estoque MP,Linha SA,2030-11-10
7,OP-2005,CONSUMO,377.0,Estoque MP,Linha SA,2030-11-10
18,OP-2005,PRODUCAO,377.0,Linha SA,Estoque SA,2030-11-10
26,OP-2005,PRODUCAO,377.0,Linha SA,Estoque SA,2030-11-10
18,OP-2005,CONSUMO,377.0,Estoque SA,Linha PA,2030-11-10
26,OP-2005,CONSUMO,377.0,Estoque SA,Linha PA,2030-11-10
36,OP-2005,PRODUCAO,377.0,Linha PA,Estoque PA,2030-11-10
1,OP-2006,CONSUMO,0.0,Estoque MP,Linha SA,2030-11-10
2,OP-2006,CONSUMO,0.0,Estoque MP,Linha SA,2030-11-10
14,OP-2006,CONSUMO,0.0,Estoque MP,Linha SA,2030-11-10
13,OP-2006,CONSUMO,0.0,Estoque MP,Linha SA,2030-11-10
12,OP-2006,CONSUMO,0.0,Estoque MP,Linha SA,2030-11-10
16,OP-2006,CONSUMO,0.0,Estoque SA,Linha PA,2030-11-10
22,OP-2006,CONSUMO,0.0,Estoque SA,Linha PA,2030-11-10
37,OP-2006,PRODUCAO,0.0,Linha PA,Estoque PA,2030-11-10
1,OP-2007,CONSUMO,0.0,Estoque MP,Linha SA,2030-11-10
3,OP-2007,CONSUMO,0.0,Estoque MP,Linha SA,2030-11-10
14,OP-2007,CONSUMO,0.0,Estoque MP,Linha SA,2030-11-10
6,OP-2007,CONSUMO,0.0,Estoque MP,Linha SA,2030-11-10
7,OP-2007,CONSUMO,0.0,Estoque MP,Linha SA,2030-11-10
17,OP-2007,CONSUMO,0.0,Estoque SA,Linha PA,2030-11-10
26,OP-2007,CONSUMO,0.0,Estoque SA,Linha PA,2030-11-10
38,OP-2007,PRODUCAO,0.0,Linha PA,Estoque PA,2030-11-10
1,OP-2008,CONSUMO,0.0,Estoque MP,Linha SA,2030-11-10
8,OP-2008,CONSUMO,0.0,Estoque MP,Linha SA,2030-11-10
6,OP-2008,CONSUMO,0.0,Estoque MP,Linha SA,2030-11-10
20,OP-2008,CONSUMO,0.0,Estoque MP,Linha SA,2030-11-10
21,OP-2008,CONSUMO,0.0,Estoque MP,Linha SA,2030-11-10
18,OP-2008,CONSUMO,0.0,Estoque SA,Linha PA,2030-11-10
30,OP-2008,CONSUMO,0.0,Estoque SA,Linha PA,2030-11-10
39,OP-2008,PRODUCAO,0.0,Linha PA,Estoque PA,2030-11-10
1,OP-2009,CONSUMO,0.0,Estoque MP,Linha SA,2030-11-10
2,OP-2009,CONSUMO,0.0,Estoque MP,Linha SA,2030-11-10
14,OP-2009,CONSUMO,0.0,Estoque MP,Linha SA,2030-11-10
4,OP-2009,CONSUMO,0.0,Estoque MP,Linha SA,2030-11-10
5,OP-2009,CONSUMO,0.0,Estoque MP,Linha SA,2030-11-10
16,OP-2009,CONSUMO,0.0,Estoque SA,Linha PA,2030-11-10
24,OP-2009,CONSUMO,0.0,Estoque SA,Linha PA,2030-11-10
40,OP-2009,PRODUCAO,0.0,Linha PA,Estoque PA,2030-11-10
1,OP-2010,CONSUMO,0.0,Estoque MP,Linha SA,2030-11-10
3,OP-2010,CONSUMO,0.0,Estoque MP,Linha SA,2030-11-10
14,OP-2010,CONSUMO,0.0,Estoque MP,Linha SA,2030-11-10
13,OP-2010,CONSUMO,0.0,Estoque MP,Linha SA,2030-11-10
12,OP-2010,CONSUMO,0.0,Estoque MP,Linha SA,2030-11-10
17,OP-2010,CONSUMO,0.0,Estoque SA,Linha PA,2030-11-10
23,OP-2010,CONSUMO,0.0,Estoque SA,Linha PA,2030-11-10
41,OP-2010,PRODUCAO,0.0,Linha PA,Estoque PA,2030-11-10
1,OP-2011,CONSUMO,0.0,Estoque MP,Linha SA,2030-11-10
8,OP-2011,CONSUMO,0.0,Estoque MP,Linha SA,2030-11-10
6,OP-2011,CONSUMO,0.0,Estoque MP,Linha SA,2030-11-10
20,OP-2011,CONSUMO,0.0,Estoque MP,Linha SA,2030-11-10
21,OP-2011,CONSUMO,0.0,Estoque MP,Linha SA,2030-11-10
18,OP-2011,CONSUMO,0.0,Estoque SA,Linha PA,2030-11-10
30,OP-2011,CONSUMO,0.0,Estoque SA,Linha PA,2030-11-10
42,OP-2011,PRODUCAO,0.0,Linha PA,Estoque PA,2030-11-10
1,OP-2012,CONSUMO,0.0,Estoque MP,Linha SA,2030-11-10
2,OP-2012,CONSUMO,0.0,Estoque MP,Linha SA,2030-11-10
14,OP-2012,CONSUMO,0.0,Estoque MP,Linha SA,2030-11-10
6,OP-2012,CONSUMO,0.0,Estoque MP,Linha SA,2030-11-10
7,OP-2012,CONSUMO,0.0,Estoque MP,Linha SA,2030-11-10
16,OP-2012,CONSUMO,0.0,Estoque SA,Linha PA,2030-11-10
26,OP-2012,CONSUMO,0.0,Estoque SA,Linha PA,2030-11-10
43,OP-2012,PRODUCAO,0.0,Linha PA,Estoque PA,2030-11-10
1,OP-2013,CONSUMO,0.0,Estoque MP,Linha SA,2030-11-10
3,OP-2013,CONSUMO,0.0,Estoque MP,Linha SA,2030-11-10
14,OP-2013,CONSUMO,0.0,Estoque MP,Linha SA,2030-11-10
5,OP-2013,CONSUMO,0.0,Estoque MP,Linha SA,2030-11-10
4,OP-2013,CONSUMO,0.0,Estoque MP,Linha SA,2030-11-10
17,OP-2013,CONSUMO,0.0,Estoque SA,Linha PA,2030-11-10
29,OP-2013,CONSUMO,0.0,Estoque SA,Linha PA,2030-11-10
44,OP-2013,PRODUCAO,0.0,Linha PA,Estoque PA,2030-11-10
1,OP-2014,CONSUMO,0.0,Estoque MP,Linha SA,2030-11-10
2,OP-2014,CONSUMO,0.0,Estoque MP,Linha SA,2030-11-10
14,OP-2014,CONSUMO,0.0,Estoque MP,Linha SA,2030-11-10
13,OP-2014,CONSUMO,0.0,Estoque MP,Linha SA,2030-11-10
12,OP-2014,CONSUMO,0.0,Estoque MP,Linha SA,2030-11-10
16,OP-2014,CONSUMO,0.0,Estoque SA,Linha PA,2030-11-10
22,OP-2014,CONSUMO,0.0,Estoque SA,Linha PA,2030-11-10
45,OP-2014,PRODUCAO,0.0,Linha PA,Estoque PA,2030-11-10
1,OP-2000,CONSUMO,344.0,Estoque MP,Linha SA,2030-12-10
2,OP-2000,CONSUMO,344.0,Estoque MP,Linha SA,2030-12-10
14,OP-2000,CONSUMO,1032.0,Estoque MP,Linha SA,2030-12-10
13,OP-2000,CONSUMO,1376.0,Estoque MP,Linha SA,2030-12-10
12,OP-2000,CONSUMO,1376.0,Estoque MP,Linha SA,2030-12-10
4,OP-2000,CONSUMO,3440.0,Estoque MP,Linha SA,2030-12-10
5,OP-2000,CONSUMO,1376.0,Estoque MP,Linha SA,2030-12-10
16,OP-2000,PRODUCAO,344.0,Linha SA,Estoque SA,2030-12-10
22,OP-2000,PRODUCAO,344.0,Linha SA,Estoque SA,2030-12-10
24,OP-2000,PRODUCAO,344.0,Linha SA,Estoque SA,2030-12-10
25,OP-2000,PRODUCAO,344.0,Linha SA,Estoque SA,2030-12-10
16,OP-2000,CONSUMO,344.0,Estoque SA,Linha PA,2030-12-10
22,OP-2000,CONSUMO,344.0,Estoque SA,Linha PA,2030-12-10
24,OP-2000,CONSUMO,344.0,Estoque SA,Linha PA,2030-12-10
25,OP-2000,CONSUMO,344.0,Estoque SA,Linha PA,2030-12-10
31,OP-2000,PRODUCAO,344.0,Linha PA,Estoque PA,2030-12-10
1,OP-2001,CONSUMO,361.0,Estoque MP,Linha SA,2030-12-10
3,OP-2001,CONSUMO,361.0,Estoque MP,Linha SA,2030-12-10
14,OP-2001,CONSUMO,361.0,Estoque MP,Linha SA,2030-12-10
13,OP-2001,CONSUMO,722.0,Estoque MP,Linha SA,2030-12-10
12,OP-2001,CONSUMO,1083.0,Estoque MP,Linha SA,2030-12-10
5,OP-2001,CONSUMO,1083.0,Estoque MP,Linha SA,2030-12-10
4,OP-2001,CONSUMO,722.0,Estoque MP,Linha SA,2030-12-10
17,OP-2001,PRODUCAO,361.0,Linha SA,Estoque SA,2030-12-10
23,OP-2001,PRODUCAO,361.0,Linha SA,Estoque SA,2030-12-10
29,OP-2001,PRODUCAO,361.0,Linha SA,Estoque SA,2030-12-10
17,OP-2001,CONSUMO,361.0,Estoque SA,Linha PA,2030-12-10
23,OP-2001,CONSUMO,361.0,Estoque SA,Linha PA,2030-12-10
29,OP-2001,CONSUMO,361.0,Estoque SA,Linha PA,2030-12-10
32,OP-2001,PRODUCAO,361.0,Linha PA,Estoque PA,2030-12-10
1,OP-2002,CONSUMO,0.0,Estoque MP,Linha SA,2030-12-10
8,OP-2002,CONSUMO,0.0,Estoque MP,Linha SA,2030-12-10
6,OP-2002,CONSUMO,0.0,Estoque MP,Linha SA,2030-12-10
5,OP-2002,CONSUMO,0.0,Estoque MP,Linha SA,2030-12-10
20,OP-2002,CONSUMO,0.0,Estoque MP,Linha SA,2030-12-10
21,OP-2002,CONSUMO,0.0,Estoque MP,Linha SA,2030-12-10
18,OP-2002,CONSUMO,0.0,Estoque SA,Linha PA,2030-12-10
27,OP-2002,CONSUMO,0.0,Estoque SA,Linha PA,2030-12-10
30,OP-2002,CONSUMO,0.0,Estoque SA,Linha PA,2030-12-10
33,OP-2002,PRODUCAO,0.0,Linha PA,Estoque PA,2030-12-10
1,OP-2003,CONSUMO,133.0,Estoque MP,Linha SA,2030-12-10
2,OP-2003,CONSUMO,133.0,Estoque MP,Linha SA,2030-12-10
14,OP-2003,CONSUMO,399.0,Estoque MP,Linha SA,2030-12-10
4,OP-2003,CONSUMO,1330.0,Estoque MP,Linha SA,2030-12-10
5,OP-2003,CONSUMO,532.0,Estoque MP,Linha SA,2030-12-10
13,OP-2003,CONSUMO,133.0,Estoque MP,Linha SA,2030-12-10
16,OP-2003,PRODUCAO,133.0,Linha SA,Estoque SA,2030-12-10
24,OP-2003,PRODUCAO,133.0,Linha SA,Estoque SA,2030-12-10
25,OP-2003,PRODUCAO,133.0,Linha SA,Estoque SA,2030-12-10
16,OP-2003,CONSUMO,133.0,Estoque SA,Linha PA,2030-12-10
24,OP-2003,CONSUMO,133.0,Estoque SA,Linha PA,2030-12-10
25,OP-2003,CONSUMO,133.0,Estoque SA,Linha PA,2030-12-10
34,OP-2003,PRODUCAO,133.0,Linha PA,Estoque PA,2030-12-10
1,OP-2004,CONSUMO,1.0,Estoque MP,Linha SA,2030-12-10
3,OP-2004,CONSUMO,1.0,Estoque MP,Linha SA,2030-12-10
14,OP-2004,CONSUMO,1.0,Estoque MP,Linha SA,2030-12-10
13,OP-2004,CONSUMO,2.0,Estoque MP,Linha SA,2030-12-10
12,OP-2004,CONSUMO,3.0,Estoque MP,Linha SA,2030-12-10
17,OP-2004,PRODUCAO,1.0,Linha SA,Estoque SA,2030-12-10
23,OP-2004,PRODUCAO,1.0,Linha SA,Estoque SA,2030-12-10
17,OP-2004,CONSUMO,1.0,Estoque SA,Linha PA,2030-12-10
23,OP-2004,CONSUMO,1.0,Estoque SA,Linha PA,2030-12-10
35,OP-2004,PRODUCAO,1.0,Linha PA,Estoque PA,2030-12-10
1,OP-2005,CONSUMO,449.0,Estoque MP,Linha SA,2030-12-10
8,OP-2005,CONSUMO,449.0,Estoque MP,Linha SA,2030-12-10
6,OP-2005,CONSUMO,3592.0,Estoque MP,Linha SA,2030-12-10
7,OP-2005,CONSUMO,449.0,Estoque MP,Linha SA,2030-12-10
18,OP-2005,PRODUCAO,449.0,Linha SA,Estoque SA,2030-12-10
26,OP-2005,PRODUCAO,449.0,Linha SA,Estoque SA,2030-12-10
18,OP-2005,CONSUMO,449.0,Estoque SA,Linha PA,2030-12-10
26,OP-2005,CONSUMO,449.0,Estoque SA,Linha PA,2030-12-10
36,OP-2005,PRODUCAO,449.0,Linha PA,Estoque PA,2030-12-10
1,OP-2006,CONSUMO,0.0,Estoque MP,Linha SA,2030-12-10
2,OP-2006,CONSUMO,0.0,Estoque MP,Linha SA,2030-12-10
14,OP-2006,CONSUMO,0.0,Estoque MP,Linha SA,2030-12-10
13,OP-2006,CONSUMO,0.0,Estoque MP,Linha SA,2030-12-10
12,OP-2006,CONSUMO,0.0,Estoque MP,Linha SA,2030-12-10
16,OP-2006,CONSUMO,0.0,Estoque SA,Linha PA,2030-12-10
22,OP-2006,CONSUMO,0.0,Estoque SA,Linha PA,2030-12-10
37,OP-2006,PRODUCAO,0.0,Linha PA,Estoque PA,2030-12-10
1,OP-2007,CONSUMO,1.0,Estoque MP,Linha SA,2030-12-10
3,OP-2007,CONSUMO,1.0,Estoque MP,Linha SA,2030-12-10
14,OP-2007,CONSUMO,1.0,Estoque MP,Linha SA,2030-12-10
6,OP-2007,CONSUMO,3.0,Estoque MP,Linha SA,2030-12-10
7,OP-2007,CONSUMO,1.0,Estoque MP,Linha SA,2030-12-10
17,OP-2007,PRODUCAO,1.0,Linha SA,Estoque SA,2030-12-10
26,OP-2007,PRODUCAO,1.0,Linha SA,Estoque SA,2030-12-10
17,OP-2007,CONSUMO,1.0,Estoque SA,Linha PA,2030-12-10
26,OP-2007,CONSUMO,1.0,Estoque SA,Linha PA,2030-12-10
38,OP-2007,PRODUCAO,1.0,Linha PA,Estoque PA,2030-12-10
1,OP-2008,CONSUMO,0.0,Estoque MP,Linha SA,2030-12-10
8,OP-2008,CONSUMO,0.0,Estoque MP,Linha SA,2030-12-10
6,OP-2008,CONSUMO,0.0,Estoque MP,Linha SA,2030-12-10
20,OP-2008,CONSUMO,0.0,Estoque MP,Linha SA,2030-12-10
21,OP-2008,CONSUMO,0.0,Estoque MP,Linha SA,2030-12-10
18,OP-2008,CONSUMO,0.0,Estoque SA,Linha PA,2030-12-10
30,OP-2008,CONSUMO,0.0,Estoque SA,Linha PA,2030-12-10
39,OP-2008,PRODUCAO,0.0,Linha PA,Estoque PA,2030-12-10
1,OP-2009,CONSUMO,0.0,Estoque MP,Linha SA,2030-12-10
2,OP-2009,CONSUMO,0.0,Estoque MP,Linha SA,2030-12-10
14,OP-2009,CONSUMO,0.0,Estoque MP,Linha SA,2030-12-10
4,OP-2009,CONSUMO,0.0,Estoque MP,Linha SA,2030-12-10
5,OP-2009,CONSUMO,0.0,Estoque MP,Linha SA,2030-12-10
16,OP-2009,CONSUMO,0.0,Estoque SA,Linha PA,2030-12-10
24,OP-2009,CONSUMO,0.0,Estoque SA,Linha PA,2030-12-10
40,OP-2009,PRODUCAO,0.0,Linha PA,Estoque PA,2030-12-10
1,OP-2010,CONSUMO,0.0,Estoque MP,Linha SA,2030-12-10
3,OP-2010,CONSUMO,0.0,Estoque MP,Linha SA,2030-12-10
14,OP-2010,CONSUMO,0.0,Estoque MP,Linha SA,2030-12-10
13,OP-2010,CONSUMO,0.0,Estoque MP,Linha SA,2030-12-10
12,OP-2010,CONSUMO,0.0,Estoque MP,Linha SA,2030-12-10
17,OP-2010,CONSUMO,0.0,Estoque SA,Linha PA,2030-12-10
23,OP-2010,CONSUMO,0.0,Estoque SA,Linha PA,2030-12-10
41,OP-2010,PRODUCAO,0.0,Linha PA,Estoque PA,2030-12-10
1,OP-2011,CONSUMO,0.0,Estoque MP,Linha SA,2030-12-10
8,OP-2011,CONSUMO,0.0,Estoque MP,Linha SA,2030-12-10
6,OP-2011,CONSUMO,0.0,Estoque MP,Linha SA,2030-12-10
20,OP-2011,CONSUMO,0.0,Estoque MP,Linha SA,2030-12-10
21,OP-2011,CONSUMO,0.0,Estoque MP,Linha SA,2030-12-10
18,OP-2011,CONSUMO,0.0,Estoque SA,Linha PA,2030-12-10
30,OP-2011,CONSUMO,0.0,Estoque SA,Linha PA,2030-12-10
42,OP-2011,PRODUCAO,0.0,Linha PA,Estoque PA,2030-12-10
1,OP-2012,CONSUMO,0.0,Estoque MP,Linha SA,2030-12-10
2,OP-2012,CONSUMO,0.0,Estoque MP,Linha SA,2030-12-10
14,OP-2012,CONSUMO,0.0,Estoque MP,Linha SA,2030-12-10
6,OP-2012,CONSUMO,0.0,Estoque MP,Linha SA,2030-12-10
7,OP-2012,CONSUMO,0.0,Estoque MP,Linha SA,2030-12-10
16,OP-2012,CONSUMO,0.0,Estoque SA,Linha PA,2030-12-10
26,OP-2012,CONSUMO,0.0,Estoque SA,Linha PA,2030-12-10
43,OP-2012,PRODUCAO,0.0,Linha PA,Estoque PA,2030-12-10
1,OP-2013,CONSUMO,0.0,Estoque MP,Linha SA,2030-12-10
3,OP-2013,CONSUMO,0.0,Estoque MP,Linha SA,2030-12-10
14,OP-2013,CONSUMO,0.0,Estoque MP,Linha SA,2030-12-10
5,OP-2013,CONSUMO,0.0,Estoque MP,Linha SA,2030-12-10
4,OP-2013,CONSUMO,0.0,Estoque MP,Linha SA,2030-12-10
17,OP-2013,CONSUMO,0.0,Estoque SA,Linha PA,2030-12-10
29,OP-2013,CONSUMO,0.0,Estoque SA,Linha PA,2030-12-10
44,OP-2013,PRODUCAO,0.0,Linha PA,Estoque PA,2030-12-10
1,OP-2014,CONSUMO,0.0,Estoque MP,Linha SA,2030-12-10
2,OP-2014,CONSUMO,0.0,Estoque MP,Linha SA,2030-12-10
14,OP-2014,CONSUMO,0.0,Estoque MP,Linha SA,2030-12-10
13,OP-2014,CONSUMO,0.0,Estoque MP,Linha SA,2030-12-10
12,OP-2014,CONSUMO,0.0,Estoque MP,Linha SA,2030-12-10
16,OP-2014,CONSUMO,0.0,Estoque SA,Linha PA,2030-12-10
22,OP-2014,CONSUMO,0.0,Estoque SA,Linha PA,2030-12-10
45,OP-2014,PRODUCAO,0.0,Linha PA,Estoque PA,2030-12-10
